1416532683545; 3904;4.0;0.2909999999999999;
1416532684547; 8000;3.3339511893728764;0.3596666666666666;
1416532685550; 11284;3.3339511893728764;0.0;
1416532686553; 14705;3.3339511893728764;0.010999999999999899;
1416532687557; 17947;3.3339511893728764;0.013916666666666577;
1416532688562; 21378;3.3506209453197404;0.0;
1416532689572; 24628;3.384127154772938;0.0;
1416532690575; 28086;3.4134345556296393;0.014250000000000096;
1416532691578; 31578;3.5841062834111215;0.00216666666666665;
1416532692581; 35056;3.7633115975816778;0.0;
1416532693584; 38900;3.8094025633675446;0.01475000000000004;
1416532694587; 42606;3.999872691535922;0.014666666666666606;
1416532695590; 46678;4.199866326112718;0.0;
1416532696597; 50981;4.262864321004408;0.004583333333333384;
1416532697600; 55116;4.330266124057614;0.014416666666666744;
1416532698602; 59536;4.546779430260495;0.0;
1416532699605; 63958;4.625531960100697;0.008750000000000036;
1416532700607; 68673;4.7089199233929;0.013666666666666716;
1416532701609; 73251;4.944365919562545;0.0;
1416532702612; 78306;5.0401131538826505;0.020583333333333398;
1416532703614; 83466;5.292118811576783;0.0;
1416532704617; 88595;5.401218635794029;0.02200000000000002;
1416532705620; 94100;5.67127956758373;0.006750000000000034;
1416532706623; 99601;5.794882240162053;0.007333333333333414;
1416532707625; 105513;5.92445974626814;0.017166666666666774;
1416532708627; 111571;6.060206172463103;0.021583333333333288;
1416532709630; 117454;6.202330605158605;0.026083333333333236;
1416532710632; 123804;6.512447135416536;0.0;
1416532711634; 130130;5.141932146857295;0.4882500000000001;
1416532712637; 135400;5.141932146857295;0.7905833333333334;
1416532713640; 140418;5.141932146857295;0.007833333333333359;
1416532714642; 145688;5.141932146857295;0.01258333333333339;
1416532715645; 150943;5.141932146857295;0.011833333333333362;
1416532716647; 155931;5.167641807591581;0.008499999999999952;
1416532717649; 161211;5.204182553240492;0.008750000000000036;
1416532718652; 166256;5.249252096210872;0.012916666666666687;
1416532719655; 171611;5.301744617172981;0.01983333333333337;
1416532720658; 177021;5.56683184803163;0.006666666666666599;
1416532721663; 182404;5.635011335589391;0.022166666666666668;
1416532722666; 188162;5.916761902368862;0.016166666666666663;
1416532723668; 193917;6.000437551645486;0.02416666666666667;
1416532724670; 200085;6.300459429227761;0.015166666666666773;
1416532725673; 206523;6.400078439736982;0.023749999999999938;
1416532726676; 212741;6.5062117338042365;0.026666666666666616;
1416532727679; 219382;6.831522320494448;0.016833333333333256;
1416532728682; 226015;6.954679340574545;0.02341666666666664;
1416532729685; 233123;7.0847894772110696;0.026999999999999913;
1416532730687; 240371;7.439028951071624;0.018166666666666664;
1416532731690; 247579;7.587809530093057;0.028583333333333405;
1416532732696; 255378;6.610150837443559;0.29341666666666666;
1416532733698; 261817;6.610150837443559;0.5189999999999999;
1416532734701; 268575;6.610150837443559;0.02791666666666659;
1416532735703; 275286;6.610150837443559;0.01550000000000007;
1416532736705; 281701;6.610150837443559;0.010083333333333444;
1416532737708; 288460;6.643201591630776;0.02400000000000002;
1416532738710; 294917;6.776065623463391;0.016166666666666663;
1416532739718; 301845;6.834748073139689;0.02516666666666656;
1416532740721; 308846;7.176485476796674;0.011249999999999982;
1416532741723; 315828;7.25672102362496;0.029249999999999998;
1416532742726; 323292;7.3455973421930025;0.03066666666666662;
1416532743729; 330412;7.712877209302653;0.030333333333333323;
1416532744734; 338296;7.821953764845795;0.032916666666666705;
1416532745741; 346280;7.939283071318481;0.03299999999999992;
1416532746744; 354156;8.336247224884406;0.03216666666666668;
1416532747746; 362329;8.753059586128627;0.028583333333333405;
1416532748748; 371302;6.657042275412906;0.6391666666666667;
1416532749753; 377824;6.657042275412906;1.0586666666666669;
1416532750756; 384625;6.657042275412906;0.9297500000000001;
1416532751759; 391101;6.657042275412906;0.023833333333333373;
1416532752763; 397909;6.657042275412906;0.022250000000000103;
1416532753766; 404437;6.657042275412906;0.026666666666666616;
1416532754769; 411134;6.69032748678997;0.026000000000000023;
1416532755773; 417972;6.82413403652577;0.017249999999999988;
1416532756776; 424629;7.131220068169429;0.015083333333333337;
1416532757785; 431988;7.202532268851123;0.02966666666666673;
1416532758788; 439003;7.56265888229368;0.02675000000000005;
1416532759791; 446856;7.655282159095412;0.03125;
1416532760794; 454298;8.038046267050182;0.028999999999999915;
1416532761797; 462552;8.151721407508632;0.029333333333333433;
1416532762800; 470553;8.27399722862126;0.03224999999999989;
1416532763803; 479050;8.687697090052323;0.025249999999999995;
1416532764805; 487483;8.831766247752153;0.03541666666666665;
1416532765808; 496510;6.520504765942308;0.8375833333333333;
1416532766810; 502924;6.520504765942308;0.9473333333333334;
1416532767813; 509592;6.520504765942308;0.026999999999999913;
1416532768816; 516006;6.520504765942308;0.0071666666666667656;
1416532769819; 522667;6.520504765942308;0.0071666666666667656;
1416532770822; 529003;6.553107289772019;0.02774999999999994;
1416532771825; 535713;6.684169435567459;0.0024999999999999467;
1416532772828; 542234;6.742056040911469;0.01908333333333334;
1416532773831; 549108;6.809476601320584;0.02849999999999997;
1416532774834; 556082;7.149950431386613;0.009583333333333277;
1416532775837; 563098;7.237519082602062;0.029333333333333433;
1416532776839; 570535;7.599395036732165;0.025666666666666726;
1416532777841; 578094;7.70686671199994;0.031749999999999945;
1416532778844; 585649;8.092210047599936;0.0289166666666667;
1416532779846; 593969;8.496820549979933;0.026416666666666755;
1416532780849; 602279;8.637724378356257;0.03658333333333341;
1416532781851; 611097;6.682578246157738;0.5608333333333333;
1416532782853; 617638;6.682578246157738;1.0557500000000002;
1416532783857; 624452;6.682578246157738;0.9858333333333333;
1416532784860; 630946;6.682578246157738;0.026250000000000107;
1416532785862; 637767;6.682578246157738;0.0245833333333334;
1416532786865; 644275;6.682578246157738;0.02574999999999994;
1416532787871; 651164;6.715991137388526;0.028583333333333405;
1416532788874; 657756;6.850310960136297;0.006833333333333247;
1416532789877; 664784;6.909636393289308;0.019333333333333425;
1416532790879; 671507;6.9787327572222;0.027666666666666728;
1416532791886; 678469;7.327669395083311;0.021916666666666584;
1416532792889; 686035;7.417414650192125;0.029583333333333295;
1416532793891; 693275;7.515537822869402;0.030750000000000055;
1416532794894; 701112;7.621823578045701;0.03475000000000006;
1416532795897; 708745;8.002914756947986;0.02475000000000005;
1416532796900; 716697;8.403060494795385;0.021583333333333288;
1416532797902; 724853;8.823213519535155;0.015249999999999986;
1416532798904; 733860;6.562595831153826;0.778;
1416532799907; 740274;6.562595831153826;1.1483333333333334;
1416532800911; 747060;6.562595831153826;1.4721666666666668;
1416532801913; 753487;6.562595831153826;0.017583333333333284;
1416532802915; 760248;6.562595831153826;0.015416666666666634;
1416532803918; 766642;6.562595831153826;0.012666666666666604;
1416532804921; 773074;6.5954088103095945;0.016000000000000014;
1416532805923; 779824;6.7273169865157865;0.014666666666666606;
1416532806925; 786702;6.785577260612119;0.02083333333333326;
1416532807928; 793300;6.8534330332182405;0.028166666666666673;
1416532808930; 800349;7.196104684879153;0.016583333333333394;
1416532809933; 807336;7.28423860794718;0.03025000000000011;
1416532810936; 814828;7.648450538344539;0.028583333333333405;
1416532811939; 822319;7.756615963169206;0.03208333333333324;
1416532812941; 830298;8.144446761327666;0.027249999999999996;
1416532813944; 838199;8.273221771566552;0.03025000000000011;
1416532814947; 846664;8.41041763368498;0.033500000000000085;
1416532815959; 855251;7.418342246243626;0.2785833333333334;
1416532816961; 862454;7.418342246243626;1.0917500000000002;
1416532817963; 870049;7.418342246243626;0.015083333333333337;
1416532818965; 877252;7.418342246243626;0.013249999999999984;
1416532819967; 884855;7.418342246243626;0.01333333333333342;
1416532820969; 892089;7.455433957474844;0.01591666666666658;
1416532821980; 899718;7.508151836555033;0.016083333333333227;
1416532822983; 907099;7.573174338814308;0.02833333333333332;
1416532823987; 914908;7.648906082202451;0.03208333333333324;
1416532824991; 922543;8.031351386312574;0.027249999999999996;
1416532825994; 930771;8.432918955628203;0.015333333333333421;
1416532827001; 938973;8.544475987542976;0.03258333333333341;
1416532828035; 947778;8.66531312579252;0.035833333333333384;
1416532829037; 956721;9.098578782082146;0.03574999999999995;
1416532830039; 965600;9.553507721186254;0.02341666666666664;
1416532831041; 975386;7.378919339096631;0.5675833333333333;
1416532832044; 982662;7.378919339096631;1.0443333333333333;
1416532833047; 990203;7.378919339096631;0.02358333333333329;
1416532834050; 997428;7.378919339096631;0.014833333333333254;
1416532835052; 1004976;7.378919339096631;0.011749999999999927;
1416532836056; 1012193;7.415813935792113;0.01416666666666666;
1416532837059; 1019767;7.564130214507956;0.012333333333333307;
1416532838062; 1027250;7.62963750374093;0.03191666666666659;
1416532839064; 1034753;8.011119378927976;0.023333333333333428;
1416532840067; 1042953;8.10068641646372;0.030166666666666675;
1416532841071; 1051253;8.199899157896875;0.032916666666666705;
1416532842073; 1059211;8.609894115791718;0.007583333333333275;
1416532843076; 1068117;8.731656406083209;0.03675000000000006;
1416532844078; 1076686;9.168239226387369;0.031333333333333435;
1416532845081; 1085678;9.31320181683079;0.03658333333333341;
1416532846083; 1095225;7.1309004010057535;0.6060000000000001;
1416532847087; 1102200;7.1309004010057535;0.9742500000000001;
1416532848091; 1109509;7.1309004010057535;0.026250000000000107;
1416532849093; 1116513;7.1309004010057535;0.00825000000000009;
1416532850095; 1123852;7.1309004010057535;0.013166666666666771;
1416532851099; 1130799;7.166554903010781;0.01258333333333339;
1416532852102; 1138134;7.309886001070997;0.007916666666666572;
1416532853106; 1145262;7.373191470827955;0.021583333333333288;
1416532854109; 1152889;7.446923385536234;0.03341666666666665;
1416532855112; 1160227;7.819269554813046;0.02633333333333332;
1416532856115; 1168235;7.915035657665904;0.03049999999999997;
1416532857117; 1175988;8.019741737507866;0.03341666666666665;
1416532858122; 1184232;8.420728824383259;0.026999999999999913;
1416532859125; 1192440;8.547039756749006;0.034499999999999975;
1416532860127; 1201158;8.974391744586457;0.03316666666666657;
1416532861129; 1209877;9.42311133181578;0.020916666666666694;
1416532862132; 1219641;6.810349558663402;1.0702500000000001;
1416532863134; 1226337;6.810349558663402;1.26675;
1416532864138; 1232964;6.810349558663402;0.022916666666666696;
1416532865141; 1239911;6.810349558663402;0.022916666666666696;
1416532866144; 1246607;6.810349558663402;0.02124999999999999;
1416532867147; 1253616;6.844401306456718;0.025833333333333375;
1416532868151; 1260300;6.892798532226294;0.02733333333333343;
1416532869153; 1267348;6.952491918547055;0.027833333333333377;
1416532870159; 1274456;7.022016837732525;0.029249999999999998;
1416532871162; 1281286;7.373117679619152;0.013666666666666716;
1416532872164; 1288841;7.463419560261954;0.02499999999999991;
1416532873167; 1296116;7.562151320694895;0.03216666666666668;
1416532874169; 1303840;7.94025888672964;0.026583333333333403;
1416532875172; 1311960;8.059362770030583;0.033666666666666734;
1416532876174; 1319945;8.462330908532113;0.02849999999999997;
1416532877177; 1328203;8.602662790909255;0.031500000000000083;
1416532878180; 1337119;6.698992313369112;0.5355000000000001;
1416532879182; 1343747;6.698992313369112;1.0026666666666668;
1416532880185; 1350247;6.698992313369112;0.012833333333333252;
1416532881188; 1357109;6.698992313369112;0.027666666666666728;
1416532882192; 1363676;6.698992313369112;0.02991666666666659;
1416532883194; 1370551;6.732487274935957;0.004833333333333245;
1416532884196; 1377089;6.78009314899955;0.008166666666666655;
1416532885199; 1384051;6.838810478070135;0.010666666666666602;
1416532886202; 1390794;6.907198582850836;0.026499999999999968;
1416532887204; 1397862;6.98442341067756;0.026583333333333403;
1416532888208; 1404779;7.333644581211439;0.01633333333333331;
1416532889211; 1412266;7.430659580039547;0.03041666666666676;
1416532890213; 1419517;7.535744975594243;0.03166666666666673;
1416532891215; 1427007;7.9125322243739555;0.02183333333333337;
1416532892223; 1435266;8.037640343816458;0.03183333333333338;
1416532893231; 1443176;8.17092952991777;0.033500000000000085;
1416532894237; 1451595;8.579476006413659;0.010166666666666657;
1416532895240; 1460038;6.3040615247378815;0.8808333333333334;
1416532896242; 1466168;6.3040615247378815;1.1540833333333333;
1416532897245; 1472612;6.3040615247378815;0.02283333333333326;
1416532898248; 1479050;6.3040615247378815;0.021083333333333343;
1416532899250; 1485205;6.3040615247378815;0.022666666666666613;
1416532900252; 1491392;6.33558183236157;0.025833333333333375;
1416532901254; 1497883;6.462293469008801;0.0038333333333333552;
1416532902256; 1504498;6.518258572117521;0.01141666666666663;
1416532903258; 1510818;6.583441157838696;0.0225833333333334;
1416532904260; 1517290;6.912613215730632;0.010666666666666602;
1416532905263; 1524372;6.99727509156943;0.028000000000000025;
1416532906265; 1531220;7.347138846147902;0.025083333333333346;
1416532907267; 1538732;7.451043080156508;0.02908333333333335;
1416532908270; 1546360;7.562808726358855;0.03141666666666665;
1416532909273; 1553836;7.940949162676798;0.013500000000000068;
1416532910279; 1561940;8.072634906936228;0.030833333333333268;
1416532911282; 1569773;8.47626665228304;0.0011666666666667602;
1416532912285; 1578471;6.293188608062789;0.79175;
1416532913288; 1584623;6.293188608062789;1.0795833333333333;
1416532914292; 1590807;6.293188608062789;0.01966666666666672;
1416532915295; 1597228;6.293188608062789;0.025833333333333375;
1416532916299; 1603642;6.293188608062789;0.023749999999999938;
1416532917301; 1609750;6.3246545511031025;0.016833333333333256;
1416532918314; 1616208;6.369376612320576;0.020499999999999963;
1416532919322; 1622495;6.424537031845977;0.021749999999999936;
1416532920325; 1629075;6.7457638834382765;0.017749999999999932;
1416532921327; 1635701;6.821183816455932;0.022333333333333316;
1416532922331; 1642731;6.904725915416169;0.023083333333333345;
1416532923338; 1649556;7.249962211186977;0.0202500000000001;
1416532924341; 1656986;7.352492160044508;0.02991666666666659;
1416532925343; 1664132;7.462779542445175;0.030166666666666675;
1416532926346; 1671786;7.835918519567435;0.013833333333333364;
1416532927348; 1679430;7.965862527653447;0.028416666666666757;
1416532928350; 1687646;8.36415565403612;0.02183333333333337;
1416532929352; 1695807;7.035675284361291;0.34383333333333344;
1416532930355; 1702995;7.035675284361291;1.0988333333333333;
1416532931358; 1709804;7.035675284361291;0.01550000000000007;
1416532932360; 1717027;7.035675284361291;0.020166666666666666;
1416532933363; 1723900;7.035675284361291;0.025500000000000078;
1416532934366; 1731102;7.070853660783097;0.025500000000000078;
1416532935369; 1738323;7.212270733998759;0.024333333333333318;
1416532936372; 1745362;7.274730830744899;0.02950000000000008;
1416532937374; 1752818;7.638467372282144;0.02241666666666675;
1416532938377; 1760225;7.7238680337238295;0.02558333333333329;
1416532939383; 1768133;7.8184657113399165;0.029583333333333295;
1416532940386; 1775876;7.921894290871371;0.03299999999999992;
1416532941394; 1783977;8.31798900541494;0.014083333333333226;
1416532942397; 1792157;8.442758840496163;0.030333333333333323;
1416532943400; 1800827;8.576250578853614;0.03491666666666671;
1416532944403; 1809197;8.318963061488006;0.16500000000000004;
1416532945406; 1817792;6.162765962758183;0.80925;
1416532946409; 1823825;6.162765962758183;0.9834166666666666;
1416532947412; 1829852;6.162765962758183;0.023333333333333428;
1416532948414; 1836150;6.162765962758183;0.004999999999999893;
1416532949416; 1842448;6.162765962758183;0.023500000000000076;
1416532950418; 1848469;6.193579792571973;0.02558333333333329;
1416532951420; 1854783;6.317451388423413;0.0017499999999999183;
1416532952422; 1860901;6.372162122318892;0.009166666666666767;
1416532953425; 1867409;6.435883743542081;0.02516666666666656;
1416532954428; 1873665;6.507839111271311;0.02633333333333332;
1416532955431; 1880313;6.833231066834877;0.020166666666666666;
1416532956435; 1887356;6.923626217104305;0.028000000000000025;
1416532957440; 1894097;7.0215410780746135;0.030999999999999917;
1416532958443; 1901278;7.372618131978345;0.03008333333333324;
1416532959445; 1908472;7.741249038577262;0.0289166666666667;
1416532960448; 1916400;8.128311490506125;0.02574999999999994;
1416532961454; 1924696;8.534727065031431;0.024333333333333318;
1416532962456; 1932977;8.961463418283003;0.0;
1416532963459; 1942141;6.510121407003796;1.0034999999999998;
1416532964462; 1948461;6.510121407003796;1.0070833333333336;
1416532965464; 1955126;6.510121407003796;0.025666666666666726;
1416532966466; 1961466;6.510121407003796;0.027833333333333377;
1416532967469; 1968112;6.510121407003796;0.02791666666666659;
1416532968472; 1974770;6.542672014038814;0.026250000000000107;
1416532969474; 1981111;6.588935691520877;0.02733333333333343;
1416532970477; 1987849;6.885437797639316;0.006416666666666737;
1416532971479; 1994890;6.954292175615709;0.019583333333333286;
1416532972482; 2001623;7.032043525816068;0.02833333333333332;
1416532973485; 2008804;7.383645702106872;0.01200000000000001;
1416532974488; 2015962;7.481322153590799;0.030333333333333323;
1416532975491; 2023604;7.855388261270339;0.028166666666666673;
1416532976494; 2031612;7.973219085189394;0.03283333333333327;
1416532977496; 2039350;8.371880039448863;0.03183333333333338;
1416532978499; 2047879;8.790474041421307;0.031749999999999945;
1416532979501; 2056848;6.7096371910365535;0.621;
1416532980504; 2063364;6.7096371910365535;1.1176666666666666;
1416532981507; 2070216;6.7096371910365535;1.7693333333333334;
1416532982510; 2076714;4.694673828251182;1.8168333333333333;
1416532983513; 2081499;4.694673828251182;0.014416666666666744;
1416532984516; 2086125;4.694673828251182;0.016833333333333256;
1416532985518; 2090840;4.694673828251182;0.0044999999999999485;
1416532986521; 2095584;3.1313959145254167;174.59216666666666;
1416532987523; 2098785;3.1313959145254167;174.739;
1416532988525; 2101812;3.1313959145254167;0.00924999999999998;
1416532989532; 2104998;3.1313959145254167;0.011083333333333334;
1416532990536; 2108187;3.1313959145254167;0.010999999999999899;
1416532991538; 2111217;3.1470528940980436;0.010000000000000009;
1416532992540; 2114423;3.1693059185197385;0.010250000000000092;
1416532993542; 2117491;3.3119246848531265;0.0013333333333334085;
1416532994544; 2120859;3.345043931701658;0.013666666666666716;
1416532995547; 2124262;3.512296128286741;0.003916666666666568;
1416532996549; 2127669;3.555312794986018;0.011583333333333279;
1416532997551; 2131295;3.6023451624289127;0.014333333333333309;
1416532998554; 2134776;3.6532900162794735;0.014999999999999902;
1416532999556; 2138502;3.8359545170934473;0.00216666666666665;
1416533000558; 2142414;3.8966062834675803;0.013500000000000068;
1416533001560; 2146204;3.9612241884575967;0.01574999999999993;
1416533002562; 2150247;4.159285397880477;6.666666666665932E-4;
1416533003564; 2154287;4.23426798173721;0.014833333333333254;
1416533004566; 2158597;4.313483882094447;0.01550000000000007;
1416533005568; 2163014;4.529158076199169;0.015249999999999986;
1416533006571; 2167399;4.619741237723153;0.01808333333333323;
1416533007574; 2172109;3.7358854190660598;0.4225000000000001;
1416533008577; 2175731;3.7358854190660598;0.5605;
1416533009579; 2179543;3.7358854190660598;0.010083333333333444;
1416533010581; 2183347;3.7358854190660598;0.01358333333333328;
1416533011584; 2186965;3.7358854190660598;0.015666666666666718;
1416533012586; 2190781;3.7545648461613896;0.015666666666666718;
1416533013588; 2194418;3.8296561430846174;0.0015000000000000568;
1416533014590; 2198360;3.862821938161322;0.012916666666666687;
1416533015592; 2202112;3.9014501575429352;0.014583333333333393;
1416533016594; 2206076;3.9450696963584018;0.016083333333333227;
1416533017597; 2210104;4.142323181176322;0.01416666666666666;
1416533018599; 2214121;4.197120966113574;0.01591666666666658;
1416533019602; 2218401;4.071207337130167;0.15641666666666665;
1416533020604; 2222553;4.071207337130167;0.012333333333333307;
1416533021606; 2226494;3.0817877020811406;0.6644166666666667;
1416533022608; 2229637;3.0817877020811406;0.0076666666666667105;
1416533023611; 2232629;3.0817877020811406;0.011749999999999927;
1416533024614; 2235772;3.0817877020811406;0.010583333333333389;
1416533025616; 2238785;3.097196640591546;0.01083333333333325;
1416533026618; 2241933;3.1190971280638506;0.011583333333333279;
1416533027621; 2245116;3.1461093015615944;0.012750000000000039;
1416533028623; 2248168;3.3034147666396745;0.006333333333333302;
1416533029625; 2251531;3.340348066520089;0.013916666666666577;
1416533030628; 2254934;3.381258808151422;0.019500000000000073;
1416533031630; 2258208;3.5503217485589933;0.010499999999999954;
1416533032632; 2261848;3.6005308802349965;0.014000000000000012;
1416533033634; 2265325;3.7805574242467466;0.012916666666666687;
1416533034636; 2269173;3.840333285675143;0.01491666666666669;
1416533035638; 2273089;3.904018008567629;0.015416666666666634;
1416533036640; 2276882;4.0992189089960105;0.01358333333333328;
1416533037642; 2281070;4.173118628824693;0.01491666666666669;
1416533038644; 2285113;4.381774560265928;0.01358333333333328;
1416533039646; 2289577;4.600863288279225;0.012750000000000039;
1416533040649; 2294272;3.5199098018556008;0.6098333333333332;
1416533041652; 2297681;3.5199098018556008;0.015249999999999986;
1416533042654; 2301276;3.5199098018556008;0.012166666666666659;
1416533043656; 2304689;3.5199098018556008;0.012333333333333307;
1416533044658; 2308277;3.5375093508648785;0.011833333333333362;
1416533045660; 2311883;3.608259537882176;0.0033333333333334103;
1416533046662; 2315385;3.639507982114711;0.010166666666666657;
1416533047664; 2319085;3.675903061935858;0.0129999999999999;
1416533048666; 2322646;3.717000907561799;0.015416666666666634;
1416533049668; 2326438;3.902850952939889;0.011916666666666575;
1416533050670; 2330424;3.9544808180680406;0.015833333333333366;
1416533051673; 2334263;4.152204858971443;0.014833333333333254;
1416533052675; 2338495;4.339054077625157;0.014833333333333254;
1416533053678; 2342744;4.4076605465048395;0.01574999999999993;
1416533054681; 2347224;4.480753327684887;0.017583333333333284;
1416533055684; 2351564;4.704790994069132;0.014499999999999957;
1416533056687; 2356354;4.789607819916419;0.020916666666666694;
1416533057690; 2361254;5.02908821091224;0.019333333333333425;
1416533058693; 2366123;5.280542621457853;0.018916666666666693;
1416533059696; 2371508;5.38615347388701;0.022083333333333233;
1416533060699; 2377006;5.65546114758136;0.018916666666666693;
1416533061702; 2382490;5.775431595427116;0.022499999999999964;
1416533062705; 2388388;6.064203175198472;0.021500000000000075;
1416533063708; 2394265;6.199802880489611;0.022750000000000048;
1416533064711; 2400597;6.341858210457856;0.0245833333333334;
1416533065714; 2407075;6.490587968942342;0.02675000000000005;
1416533066720; 2413389;6.815117367389459;0.024333333333333318;
1416533067723; 2420350;5.072398696038899;0.7729999999999999;
1416533068727; 2425525;5.072398696038899;0.01983333333333337;
1416533069730; 2430432;5.072398696038899;0.015333333333333421;
1416533070733; 2435607;5.072398696038899;0.020916666666666694;
1416533071737; 2440778;5.0977606895190934;0.0129999999999999;
1416533072739; 2445699;5.133807301043345;0.01358333333333328;
1416533073741; 2450929;5.17826737645172;0.018000000000000016;
1416533074743; 2455965;5.230050050216238;0.021916666666666584;
1416533075746; 2461295;5.4915525527270495;0.015666666666666718;
1416533076748; 2466910;5.558810060976348;0.0422499999999999;
1416533077750; 2472287;5.836750564025166;0.022499999999999964;
1416533078753; 2478309;6.128588092226424;0.019916666666666583;
1416533079755; 2484243;6.220516913609821;0.023083333333333345;
1416533080757; 2490377;6.31887192196286;0.024916666666666698;
1416533081760; 2496829;6.423658558280175;0.04466666666666663;
1416533082762; 2503383;6.744841486194184;0.02675000000000005;
1416533083764; 2509907;7.082083560503893;0.025666666666666726;
1416533084767; 2517148;7.214577211843442;0.029749999999999943;
1416533085770; 2524518;7.575306072435614;0.027583333333333293;
1416533086772; 2531866;7.726812193884327;0.028750000000000053;
1416533087775; 2539760;5.616756646377281;0.9958333333333333;
1416533088778; 2545206;5.616756646377281;1.1601666666666666;
1416533089781; 2550938;5.616756646377281;0.022083333333333233;
1416533090783; 2556682;5.616756646377281;0.022083333333333233;
1416533091785; 2562134;5.616756646377281;0.0044999999999999485;
1416533092787; 2567872;5.644840429609167;0.004999999999999893;
1416533093789; 2573337;5.684755479074093;0.005249999999999977;
1416533094791; 2579129;5.733986905665903;0.009083333333333332;
1416533095794; 2584735;4.378157206766072;0.6193333333333333;
1416533096798; 2589220;4.378157206766072;0.018916666666666693;
1416533097800; 2593531;4.378157206766072;0.010583333333333389;
1416533098802; 2598055;4.378157206766072;0.01708333333333334;
1416533099804; 2602300;4.400047992799902;0.016750000000000043;
1416533100806; 2606797;4.4880489526559;0.01258333333333339;
1416533101808; 2611362;4.526916596720182;0.016000000000000014;
1416533102811; 2615737;4.572185762687384;0.018916666666666693;
1416533103813; 2620405;4.800795050821753;0.018416666666666748;
1416533104815; 2625041;4.859592541992714;0.0202500000000001;
1416533105818; 2629991;5.10257216909235;0.01708333333333334;
1416533106821; 2635211;5.1747334367375295;0.01766666666666672;
1416533107823; 2640242;5.252354438288592;0.021749999999999936;
1416533108826; 2645600;5.514972160203022;0.016583333333333394;
1416533109828; 2650944;5.157729776084437;0.2234166666666666;
1416533110830; 2656209;5.157729776084437;0.7275;
1416533111832; 2661272;5.157729776084437;0.6178333333333332;
1416533112835; 2666537;5.157729776084437;0.014499999999999957;
1416533113837; 2671797;5.157729776084437;0.014499999999999957;
1416533114839; 2676849;5.157729776084437;0.013166666666666771;
1416533115841; 2682154;5.183518424964859;0.015666666666666718;
1416533116843; 2687180;5.22017143525184;0.01791666666666658;
1416533117846; 2692510;5.265379446002219;0.020166666666666666;
1416533118848; 2697607;5.318033240462242;0.022166666666666668;
1416533119850; 2703052;4.25298512460302;0.45091666666666663;
1416533120852; 2707214;4.25298512460302;0.47666666666666657;
1416533121855; 2711549;4.25298512460302;0.006999999999999895;
1416533122857; 2715884;4.25298512460302;0.016416666666666746;
1416533123859; 2720003;4.25298512460302;0.011749999999999927;
1416533124862; 2724355;4.274250050226035;0.01358333333333328;
1416533125865; 2728488;4.304473562176053;0.014333333333333309;
1416533126869; 2732872;4.341751396723683;0.01791666666666658;
1416533127872; 2737296;4.385168910690919;0.018166666666666664;
1416533128876; 2741538;4.434196589576538;0.02675000000000005;
1416533129880; 2746070;4.6559064190553645;0.017416666666666636;
1416533130882; 2750830;4.717498271617413;0.018916666666666693;
1416533131884; 2755419;4.784213771979343;0.019500000000000073;
1416533132886; 2760096;5.02342446057831;0.01333333333333342;
1416533133888; 2765231;5.102851775324461;0.019916666666666583;
1416533134890; 2770456;5.029749335181723;0.18808333333333338;
1416533135892; 2775325;5.029749335181723;0.5948333333333333;
1416533136895; 2780475;5.029749335181723;0.20466666666666677;
1416533137898; 2785354;5.029749335181723;0.008000000000000007;
1416533138900; 2790494;5.029749335181723;0.007249999999999979;
1416533139903; 2795629;5.029749335181723;0.006416666666666737;
1416533140905; 2800548;5.0548980818576315;0.009333333333333416;
1416533141908; 2805698;5.090641608976516;0.010166666666666657;
1416533142910; 2810665;5.134727858525874;0.016999999999999904;
1416533143912; 2815903;5.186075137111133;0.021166666666666556;
1416533144914; 2820934;5.44537889396669;0.004833333333333245;
1416533145916; 2826486;4.486107824892008;0.38175000000000003;
1416533146918; 2830855;4.486107824892008;0.01258333333333339;
1416533147920; 2835420;4.486107824892008;0.015333333333333421;
1416533148922; 2839794;4.486107824892008;0.018583333333333396;
1416533149924; 2844354;4.508538364016467;0.010916666666666686;
1416533150926; 2848949;4.540418544520825;0.013083333333333336;
1416533151929; 2853343;4.579739722554515;0.013500000000000068;
1416533152931; 2858013;4.62553711978006;0.017583333333333284;
1416533153934; 2862733;4.856813975769064;0.013916666666666577;
1416533154937; 2867431;4.916297555850325;0.020166666666666666;
1416533155939; 2872441;4.981334059370198;0.0202500000000001;
1416533156941; 2877267;5.051780761224922;0.02066666666666661;
1416533157943; 2882417;5.304369799286168;0.010333333333333306;
1416533158945; 2887827;5.388239249873941;0.01966666666666672;
1416533159947; 2893051;5.657651212367638;0.0086666666666666;
1416533160949; 2898817;4.275540523749836;0.6738333333333333;
1416533161951; 2902971;4.275540523749836;0.015333333333333421;
1416533162953; 2907339;4.275540523749836;0.015833333333333366;
1416533163956; 2911707;4.275540523749836;0.01766666666666672;
1416533164958; 2915849;4.296918226368585;0.0011666666666667602;
1416533165961; 2920241;4.327302026529278;0.0020000000000000018;
1416533166964; 2924646;4.3647775613775;0.005249999999999977;
1416533167966; 2928872;4.408425336991275;0.009583333333333277;
1416533168969; 2933372;4.4577130306275;0.0182500000000001;
1416533169972; 2937701;4.680598682158875;0.011083333333333334;
1416533170975; 2942481;4.914628616266819;0.003083333333333327;
1416533171978; 2947305;4.984131960698334;0.018166666666666664;
1416533172980; 2952410;5.058893940108808;0.020916666666666694;
1416533173982; 2957580;5.311838637114248;0.005416666666666625;
1416533174984; 2962722;5.399925515645353;0.01966666666666672;
1416533175987; 2968222;5.669921791427621;0.013416666666666632;
1416533176989; 2973723;5.772137760161935;0.02400000000000002;
1416533177992; 2979633;6.060744648170032;0.018416666666666748;
1416533178994; 2985540;6.178110463609923;0.02400000000000002;
1416533179997; 2991931;6.48701598679042;3.333333333332966E-4;
1416533181000; 2998222;6.620749247333455;0.026583333333333403;
1416533182003; 3004983;6.951786709700128;0.0060833333333334405;
1416533183005; 3012084;7.103297388423288;0.029166666666666563;
1416533184007; 3018976;5.713984647507898;0.43558333333333343;
1416533185009; 3024814;5.713984647507898;1.0339999999999998;
1416533186011; 3030361;5.713984647507898;0.021500000000000075;
1416533187014; 3036181;5.713984647507898;0.021500000000000075;
1416533188017; 3042013;5.713984647507898;0.020000000000000018;
1416533189019; 3047594;5.742554570745437;0.023833333333333373;
1416533190023; 3053446;5.857405662160346;0.0011666666666667602;
1416533191027; 3059149;5.908132283197363;0.010499999999999954;
1416533192029; 3065181;4.54316736525492;0.5865;
1416533193032; 3069811;4.54316736525492;0.01574999999999993;
1416533194035; 3074210;4.54316736525492;0.0182500000000001;
1416533195037; 3078845;4.54316736525492;0.009333333333333416;
1416533196040; 3083239;4.565883202081194;0.003916666666666568;
1416533197043; 3087904;4.6572008661228175;0.0;
1416533198046; 3092673;4.69753340872871;0.01708333333333334;
1416533199049; 3097229;4.744508742815998;0.019166666666666776;
1416533200052; 3102069;4.797553963159891;0.020166666666666666;
1416533201055; 3106715;5.037431661317886;0.010000000000000009;
1416533202058; 3111855;5.28930324438378;0.0;
1416533203061; 3117235;5.364105288220896;0.019416666666666638;
1416533204064; 3122427;5.6323105526319415;0.010750000000000037;
1416533205070; 3128250;5.721365201810535;0.02083333333333326;
1416533206072; 3133797;4.8004495835796;0.3480833333333333;
1416533207075; 3138687;4.8004495835796;0.5408333333333333;
1416533208078; 3143362;4.8004495835796;0.019749999999999934;
1416533209080; 3148252;4.8004495835796;9.999999999998899E-4;
1416533210085; 3153142;4.8004495835796;0.0012499999999999734;
1416533211087; 3157793;4.824451831497497;0.019166666666666776;
1416533212090; 3162721;4.858565857553095;0.02041666666666675;
1416533213093; 3167458;5.077201321142984;0.009166666666666767;
1416533214095; 3172618;5.127973334354413;0.014583333333333393;
1416533215098; 3177863;5.185305819166527;0.01750000000000007;
1416533216100; 3182966;4.584451394736781;0.2759166666666666;
1416533217102; 3187659;4.584451394736781;0.5711666666666666;
1416533218105; 3192091;4.584451394736781;0.03275000000000006;
1416533219107; 3196766;4.584451394736781;0.014499999999999957;
1416533220110; 3201203;4.584451394736781;0.01258333333333339;
1416533221113; 3205900;4.607373651710464;0.014833333333333254;
1416533222116; 3210361;4.639952703236311;0.016000000000000014;
1416533223119; 3215091;4.68013587236992;0.018000000000000016;
1416533224122; 3219866;4.914142665988416;0.006750000000000034;
1416533225125; 3224616;4.969084451249827;0.01766666666666672;
1416533226128; 3229691;5.217538673812319;0.016250000000000098;
1416533227131; 3235016;5.286560222746164;0.020916666666666694;
1416533228134; 3240137;5.550888233883473;0.01849999999999996;
1416533229137; 3245823;5.828432645577647;0.01141666666666663;
1416533230140; 3251529;5.920588257322178;0.022666666666666613;
1416533231143; 3257567;6.018770106260788;0.02475000000000005;
1416533232146; 3263417;5.09751953249328;0.3328333333333333;
1416533233149; 3268655;5.09751953249328;0.008750000000000036;
1416533234157; 3273853;5.09751953249328;0.017333333333333423;
1416533235159; 3278802;5.09751953249328;0.02124999999999999;
1416533236162; 3283993;5.123007130155746;0.01924999999999999;
1416533237165; 3288982;5.159232260973748;0.020999999999999908;
1416533238168; 3294287;5.203912522994023;0.021749999999999936;
1416533239178; 3299436;5.4641081491437244;0.01633333333333331;
1416533240181; 3304857;4.9937545172577265;0.2426666666666666;
1416533241184; 3310047;4.9937545172577265;0.01924999999999999;
1416533242186; 3314883;4.9937545172577265;0.0202500000000001;
1416533243189; 3319978;4.9937545172577265;0.00924999999999998;
1416533244192; 3325068;5.018723289844014;0.01849999999999996;
1416533245194; 3329923;5.05421102255549;0.01966666666666672;
1416533246196; 3335068;5.097981773971695;0.04241666666666677;
1416533247199; 3340001;5.35288086267028;0.007500000000000062;
1416533248201; 3345447;5.412727890092222;0.021166666666666556;
1416533249203; 3350972;5.683364284596834;0.018416666666666748;
1416533250206; 3356475;5.758548127132983;0.023833333333333373;
1416533251209; 3362393;6.046475533489632;0.020499999999999963;
1416533252211; 3368293;6.137172666491976;0.02558333333333329;
1416533253213; 3374560;5.337574874072547;0.2955000000000001;
1416533254215; 3379748;5.337574874072547;0.7370000000000001;
1416533255217; 3385213;5.337574874072547;0.0225833333333334;
1416533256219; 3390401;5.337574874072547;0.004833333333333245;
1416533257222; 3395881;5.337574874072547;0.0035833333333332718;
1416533258224; 3401341;5.364262748442909;0.0035833333333332718;
1416533259226; 3406533;5.471548003411767;0.002583333333333382;
1416533260229; 3412118;5.518932999101573;0.009666666666666712;
1416533261232; 3417467;5.57412232909259;0.04699999999999993;
1416533262234; 3423072;5.852828445547219;0.016750000000000043;
1416533263236; 3429074;5.924510661765407;0.019749999999999934;
1416533264238; 3434869;6.002884571019316;0.023666666666666725;
1416533265240; 3441025;6.303028799570282;0.021583333333333288;
1416533266243; 3447149;6.397574231563836;0.025833333333333375;
1416533267245; 3453700;6.498728761922552;0.0269166666666667;
1416533268249; 3460370;6.82366520001868;0.01849999999999996;
1416533269251; 3467026;6.941854548221401;0.027083333333333348;
1416533270253; 3473810;7.067000610823526;0.02774999999999994;
1416533271255; 3481045;7.420350641364703;0.01966666666666672;
1416533272257; 3488619;7.5640451136498275;0.022916666666666696;
1416533273260; 3495966;5.798681262398221;0.6003333333333334;
1416533274263; 3501955;5.798681262398221;0.6635833333333334;
1416533275266; 3507608;5.798681262398221;1.1670833333333333;
1416533276268; 3513508;5.798681262398221;0.019333333333333425;
1416533277271; 3519119;5.798681262398221;0.012416666666666742;
1416533278274; 3525043;5.798681262398221;0.01041666666666674;
1416533279276; 3530961;5.827674668710211;0.010916666666666686;
1416533280278; 3536616;5.868882551478151;0.01358333333333328;
1416533281281; 3542666;5.9197085652922246;0.024416666666666753;
1416533282283; 3548421;4.5924545179664245;0.5498333333333334;
1416533283285; 3553110;4.5924545179664245;0.01849999999999996;
1416533284287; 3557564;4.5924545179664245;0.018000000000000016;
1416533285289; 3562279;4.5924545179664245;0.02041666666666675;
1416533286291; 3566733;4.615416790556256;0.0182500000000001;
1416533287293; 3571453;4.648052715662302;0.019749999999999934;
1416533288295; 3576210;4.857215087867105;0.01924999999999999;
1416533289311; 3580912;3.239120152031218;298.36691666666667;
1416533290313; 3584166;3.239120152031218;298.49508333333335;
1416533291318; 3587481;3.239120152031218;0.011916666666666575;
1416533292321; 3590649;3.239120152031218;0.009083333333333332;
1416533293325; 3593973;3.239120152031218;0.02141666666666664;
1416533294329; 3597224;3.2553157527913736;0.013166666666666771;
1416533295334; 3600431;3.320422067847201;0.009416666666666629;
1416533296336; 3603749;3.3491777664676223;0.020750000000000046;
1416533297338; 3607234;2.389614521548352;1.2813333333333334;
1416533298341; 3609544;2.389614521548352;0.008166666666666655;
1416533299344; 3611984;2.389614521548352;0.2396666666666667;
1416533300348; 3614295;2.389614521548352;0.03574999999999995;
1416533301351; 3616733;2.389614521548352;0.004833333333333245;
1416533302354; 3619053;2.4015625941560934;0.009166666666666767;
1416533303365; 3621503;2.4185442061138107;0.00983333333333336;
1416533304367; 3623975;2.527378695388932;0.008916666666666684;
1416533305369; 3626410;2.6537476301583784;0.0043333333333333;
1416533306371; 3629124;2.683417430639194;0.008750000000000036;
1416533307373; 3631726;2.8175883021711536;0.007583333333333275;
1416533308375; 3634607;2.8548614918937014;0.008416666666666739;
1416533309378; 3637365;2.895235330299029;0.011833333333333362;
1416533310381; 3640308;2.9386638602535142;0.017333333333333423;
1416533311383; 3643291;3.08559705326619;0.011166666666666769;
1416533312385; 3646280;3.2398769059294996;0.009333333333333416;
1416533313388; 3649602;3.2959932200428894;0.013249999999999984;
1416533314390; 3652803;3.460792881045034;0.011249999999999982;
1416533315392; 3656329;3.5255383872823183;0.0129999999999999;
1416533316394; 3659920;3.7018153066464343;0.011583333333333279;
1416533317397; 3663627;3.3850506566397542;0.24216666666666664;
1416533318399; 3666903;3.3850506566397542;0.0029999999999998916;
1416533319401; 3670358;3.3850506566397542;0.012666666666666604;
1416533320403; 3673630;3.3850506566397542;0.013166666666666771;
1416533321406; 3677082;3.4019759099229527;0.01258333333333339;
1416533322408; 3680545;3.4700154281214117;0.0071666666666667656;
1416533323410; 3683901;3.5000666432441827;0.012916666666666687;
1416533324412; 3687477;3.675069975406392;0.009749999999999925;
1416533325415; 3691042;3.716158506841778;0.015249999999999986;
1416533326417; 3694830;3.901966432183867;0.013166666666666771;
1416533327419; 3698816;3.953584596202269;0.015666666666666718;
1416533328422; 3702651;3.834977058316201;0.16833333333333322;
1416533329424; 3706563;3.310249484106998;0.30533333333333323;
1416533330426; 3709777;3.310249484106998;0.012333333333333307;
1416533331428; 3713153;3.310249484106998;0.011916666666666575;
1416533332430; 3716353;3.310249484106998;0.012833333333333252;
1416533333432; 3719717;3.3268007315275323;0.012166666666666659;
1416533334434; 3723103;3.393336746158083;0.01200000000000001;
1416533335437; 3726399;3.4227239044157645;0.013416666666666632;
1416533336440; 3729891;3.4569511434599223;0.013916666666666577;
1416533337443; 3733247;2.925643283087838;0.3340000000000001;
1416533338446; 3736239;2.925643283087838;0.20700000000000007;
1416533339449; 3739228;2.925643283087838;0.010999999999999899;
1416533340452; 3742071;2.925643283087838;0.010916666666666686;
1416533341455; 3745060;2.925643283087838;0.009666666666666712;
1416533342458; 3748043;2.940271499503277;0.00924999999999998;
1416533343460; 3750880;2.999076929493343;0.008499999999999952;
1416533344463; 3753947;3.0250496975817938;0.01200000000000001;
1416533345466; 3756879;3.1763021824608835;0.009583333333333277;
1416533346469; 3760156;3.211814320446201;0.010750000000000037;
1416533347472; 3763257;3.2511508516144865;0.012833333333333252;
1416533348475; 3766569;3.294159534755125;0.01966666666666672;
1416533349478; 3769764;3.4588675114928815;0.007249999999999979;
1416533350480; 3773287;3.5107505241652746;0.012250000000000094;
1416533351484; 3776870;3.566260363930236;0.02475000000000005;
1416533352488; 3780419;3.744573382126748;0.010583333333333389;
1416533353492; 3784084;3.2358481996582578;0.3038333333333334;
1416533354494; 3787405;3.2358481996582578;0.014499999999999957;
1416533355498; 3790558;3.2358481996582578;0.010083333333333444;
1416533356502; 3793873;3.2358481996582578;0.008499999999999952;
1416533357505; 3797179;3.2520274406565486;0.02141666666666664;
1416533358508; 3800318;3.3170679894696797;0.007500000000000062;
1416533359511; 3803701;3.345794640919289;0.010166666666666657;
1416533360514; 3806937;3.379252587328482;0.012916666666666687;
1416533361517; 3810387;3.5482152166949064;0.01083333333333325;
1416533362520; 3813991;3.591671800587313;0.011916666666666575;
1416533363523; 3817474;3.639185152463901;0.014999999999999902;
1416533364528; 3821189;3.6906510024499135;0.02400000000000002;
1416533365531; 3824795;3.8751835525724094;0.01574999999999993;
1416533366534; 3828774;3.9364555844591678;0.026833333333333265;
1416533367538; 3832778;4.133278363682126;0.015833333333333366;
1416533368541; 3836780;4.2048688449593525;0.01708333333333334;
1416533369544; 3841068;4.415112287207321;0.014416666666666744;
1416533370547; 3845359;4.497711474721649;0.02516666666666656;
1416533371549; 3849961;4.722597048457732;0.018166666666666664;
1416533372553; 3854805;4.817048989426887;0.021333333333333426;
1416533373556; 3859494;4.058940595196458;0.34099999999999997;
1416533374559; 3863646;4.058940595196458;0.016583333333333394;
1416533375562; 3867587;4.058940595196458;0.016000000000000014;
1416533376564; 3871735;4.058940595196458;0.015583333333333282;
1416533377567; 3875680;4.07923529817244;0.0028333333333332433;
1416533378569; 3879844;4.108079847586373;0.004083333333333439;
1416533379572; 3884036;4.14365686267422;0.0076666666666667105;
1416533380575; 3888045;4.185093431300962;0.02675000000000005;
1416533381577; 3892313;4.394348102866011;0.016416666666666746;
1416533382580; 3896822;4.448167655886956;0.016750000000000043;
1416533383583; 3901158;4.507011382923945;0.01691666666666669;
1416533384587; 3905789;4.570750149158955;0.08624999999999994;
1416533385589; 3910229;4.799287656616903;0.03574999999999995;
1416533386592; 3915119;5.0392520394477485;0.009083333333333332;
1416533387595; 3920007;5.122818580642156;0.021166666666666556;
1416533388598; 3925242;5.378959509674265;0.02066666666666661;
1416533389601; 3930523;5.475930081278141;0.026250000000000107;
1416533390604; 3936118;5.749726585342048;0.017333333333333423;
1416533391607; 3941763;5.8610695618934265;0.024499999999999966;
1416533392620; 3947907;5.685237475036623;0.1665000000000001;
1416533393622; 3953422;5.400975601284792;0.1692499999999999;
1416533394624; 3958738;5.400975601284792;0.019916666666666583;
1416533395627; 3964253;5.400975601284792;0.02141666666666664;
1416533396630; 3969812;5.400975601284792;0.04008333333333325;
1416533397633; 3975080;5.427980479291215;0.021666666666666723;
1416533398636; 3980628;4.724837050848264;0.29441666666666677;
1416533399639; 3985193;4.724837050848264;0.08666666666666667;
1416533400641; 3990018;4.724837050848264;0.018999999999999906;
1416533401643; 3994768;4.724837050848264;0.02008333333333323;
1416533402646; 3999328;4.748461236102505;0.01791666666666658;
1416533403650; 4004184;4.782037927505001;0.01983333333333337;
1416533404653; 4009049;4.997229634242725;0.009083333333333332;
1416533405656; 4013885;5.047201930585152;0.019416666666666638;
1416533406663; 4019110;5.103631363649935;0.020499999999999963;
1416533407666; 4024121;5.166137827030971;0.022666666666666613;
1416533408669; 4029169;5.42444471838252;0.01574999999999993;
1416533409672; 4034701;5.501157951273317;0.022666666666666613;
1416533410675; 4040379;5.7762158488369835;0.021166666666666556;
1416533411677; 4045983;5.867545840532422;0.024416666666666753;
1416533412681; 4051975;6.160923132559043;0.023333333333333428;
1416533413685; 4057947;6.26763345143023;0.04200000000000004;
1416533414688; 4064357;6.581015124001742;0.02516666666666656;
1416533415691; 4070816;6.704134643257703;0.06733333333333325;
1416533416695; 4077705;5.304540213696406;0.4816666666666667;
1416533417697; 4082872;5.304540213696406;0.022250000000000103;
1416533418699; 4088292;5.304540213696406;0.020916666666666694;
1416533419702; 4093464;5.304540213696406;0.020583333333333398;
1416533420704; 4098895;3.935572952526088;0.79725;
1416533421706; 4102907;3.935572952526088;0.8381666666666667;
1416533422708; 4106715;3.935572952526088;0.013249999999999984;
1416533423710; 4110727;3.935572952526088;0.012416666666666742;
1416533424712; 4114531;3.935572952526088;0.002666666666666595;
1416533425714; 4118539;3.955250817288718;0.0020000000000000018;
1416533426718; 4122567;3.983218664030703;0.0035833333333332718;
1416533427720; 4126436;4.017714349549492;0.007416666666666627;
1416533428723; 4130528;4.057891493044988;0.011749999999999927;
1416533429725; 4134447;4.2607860676972376;0.006750000000000034;
1416533430727; 4138799;4.312969826542327;0.017416666666666636;
1416533431730; 4143184;4.183580731746057;0.1592499999999999;
1416533432733; 4147260;3.5920871794304094;0.31258333333333344;
1416533433736; 4150933;3.5920871794304094;0.014250000000000096;
1416533434739; 4154429;3.5920871794304094;0.011166666666666769;
1416533435741; 4158089;3.5920871794304094;0.013249999999999984;
1416533436743; 4161758;3.610047615327561;0.009666666666666712;
1416533437745; 4165254;3.6355745068196055;0.009749999999999925;
1416533438748; 4168962;3.6670595056221744;0.012666666666666604;
1416533439750; 4172702;3.703730100678396;0.013500000000000068;
1416533440755; 4176324;3.7963233531953557;0.013500000000000068;
1416533441758; 4180192;3.9861395208551236;6.666666666665932E-4;
1416533442762; 4184061;4.038871190172067;0.01649999999999996;
1416533443764; 4188166;3.512887494978055;0.29541666666666666;
1416533444766; 4191576;3.512887494978055;0.016750000000000043;
1416533445768; 4195162;3.512887494978055;0.011666666666666714;
1416533446770; 4198678;3.512887494978055;0.014583333333333393;
1416533447773; 4202277;3.530451932452945;0.025833333333333375;
1416533448775; 4205709;3.6010609711020036;0.012833333333333252;
1416533449777; 4209381;3.632247073917514;0.013416666666666632;
1416533450779; 4212922;3.6685695446566893;0.014000000000000012;
1416533451781; 4216665;3.851998021889524;0.007333333333333414;
1416533452784; 4220593;2.9401224670855854;0.6210833333333334;
1416533453786; 4223433;2.9401224670855854;0.00983333333333336;
1416533454788; 4226413;2.9401224670855854;0.012333333333333307;
1416533455790; 4229247;2.9401224670855854;0.011249999999999982;
1416533456793; 4232233;2.954823079421013;0.008000000000000007;
1416533457796; 4235248;2.9757168337876645;0.011333333333333417;
1416533458798; 4238129;3.0014872975129556;0.012499999999999956;
1416533459802; 4241204;3.1515616623886036;0.008833333333333249;
1416533460805; 4244269;3.1867971929505194;0.012416666666666742;
1416533461807; 4247515;3.2258273281328322;0.017749999999999932;
1416533462810; 4250637;3.387118694539474;0.011583333333333279;
1416533463813; 4254093;3.435019786491326;0.012916666666666687;
1416533464816; 4257596;3.4865450832886955;0.013666666666666716;
1416533465821; 4261063;3.3819487307900347;0.15333333333333332;
1416533466824; 4264363;3.3819487307900347;0.007749999999999924;
1416533467841; 4267912;3.3819487307900347;0.003916666666666568;
1416533468848; 4271211;3.3819487307900347;0.00550000000000006;
1416533469852; 4274680;3.3988584744439843;0.013916666666666577;
1416533470854; 4277996;3.466835643932864;0.004250000000000087;
1416533471856; 4281565;3.4968593213167765;0.007416666666666627;
1416533472858; 4284950;3.531827914529944;0.01416666666666666;
1416533473860; 4288559;3.7084193102564416;0.0035000000000000586;
1416533474862; 4292159;3.7538379855685027;0.015833333333333366;
1416533475864; 4295983;3.941529884846928;0.014833333333333254;
1416533476866; 4300006;4.138606379089274;0.01416666666666666;
1416533477869; 4304023;4.200685474775613;0.016750000000000043;
1416533478871; 4308307;4.267104143946996;0.027583333333333293;
1416533479873; 4312647;4.480459351144346;0.014000000000000012;
1416533480875; 4317025;4.704482318701563;0.010250000000000092;
1416533481878; 4321810;4.789293579824524;0.025666666666666726;
1416533482880; 4326456;5.028758258815751;0.018999999999999906;
1416533483882; 4331586;5.280196171756539;0.017416666666666636;
1416533484885; 4336702;4.219237298946809;0.4531666666666667;
1416533485888; 4341010;4.219237298946809;0.6556666666666666;
1416533486891; 4345318;4.219237298946809;0.029166666666666563;
1416533487893; 4349415;4.219237298946809;0.014583333333333393;
1416533488895; 4353719;4.219237298946809;0.005666666666666709;
1416533489897; 4358023;4.240333485441543;0.004999999999999893;
1416533490899; 4362135;4.270317171062024;0.006166666666666654;
1416533491902; 4366485;4.30729920258559;0.009749999999999925;
1416533492905; 4370650;4.350372194611445;0.016000000000000014;
1416533493908; 4375075;4.399010834384327;0.016666666666666607;
1416533494911; 4379567;4.452887493970409;0.08783333333333343;
1416533495913; 4383888;4.67553186866893;0.01849999999999996;
1416533496915; 4388653;3.7950439941058987;0.41375000000000006;
1416533497917; 4392517;3.7950439941058987;0.018333333333333313;
1416533498919; 4396219;3.7950439941058987;0.014250000000000096;
1416533499921; 4400091;3.7950439941058987;0.014000000000000012;
1416533500924; 4403766;3.8140192140764277;0.005166666666666764;
1416533501926; 4407654;3.8902995983579562;0.0028333333333332433;
1416533502928; 4411428;3.92399058116306;0.008999999999999897;
1416533503930; 4415432;3.963230486974691;0.01633333333333331;
1416533504932; 4419472;4.007540750871566;0.022666666666666613;
1416533505934; 4423352;4.207917788415145;0.008999999999999897;
1416533506936; 4427640;4.263583308442901;0.014999999999999902;
1416533507939; 4431984;4.476762473865047;0.014250000000000096;
1416533508941; 4436404;4.543913910973022;0.015083333333333337;
1416533509944; 4440817;4.615759498225014;0.019166666666666776;
1416533510947; 4445527;4.8465474731362645;0.01708333333333334;
1416533511949; 4450321;4.930492137783931;0.020166666666666666;
1416533512951; 4455361;4.23138271787469;0.31325000000000003;
1416533513954; 4459671;4.23138271787469;0.7920833333333333;
1416533514957; 4463771;4.23138271787469;0.01358333333333328;
1416533515960; 4468096;4.23138271787469;0.015833333333333366;
1416533516963; 4472211;4.23138271787469;0.009166666666666767;
1416533517967; 4476536;4.252539631464064;0.01083333333333325;
1416533518969; 4480650;4.282609627570792;0.028000000000000025;
1416533519971; 4485022;4.475327060811477;0.013166666666666771;
1416533520974; 4489594;4.520080331419591;0.03316666666666657;
1416533521977; 4493974;4.746084347990571;0.01849999999999996;
1416533522979; 4498831;4.804211772634504;0.01866666666666661;
1416533523981; 4503494;4.867765520614903;0.0202500000000001;
1416533524984; 4508469;4.721732554996455;0.10983333333333323;
1416533525987; 4513317;4.721732554996455;0.006416666666666737;
1416533526989; 4517887;4.721732554996455;0.018999999999999906;
1416533527992; 4522692;4.721732554996455;0.024833333333333263;
1416533528995; 4527262;4.745341217771437;0.003249999999999975;
1416533529997; 4532110;4.778895847312739;0.004833333333333245;
1416533530999; 4536980;4.820282299370867;0.009083333333333332;
1416533532002; 4541660;4.868485122364576;0.017749999999999932;
1416533533004; 4546625;4.9229164407698445;0.020000000000000018;
1416533534006; 4551394;5.169062262808337;0.016000000000000014;
1416533535009; 4556669;5.237442529102335;0.021749999999999936;
1416533536011; 4562019;5.311511151670397;0.022083333333333233;
1416533537013; 4567155;5.391183818945452;0.022166666666666668;
1416533538015; 4572641;5.660743009892725;0.01849999999999996;
1416533539017; 4578413;5.754615812884932;0.026583333333333403;
1416533540020; 4583992;4.484412322542173;0.5328333333333333;
1416533541022; 4588562;4.484412322542173;0.03424999999999989;
1416533542024; 4592904;4.484412322542173;0.014499999999999957;
1416533543027; 4597464;4.484412322542173;0.017249999999999988;
1416533544030; 4602024;4.5068343841548835;0.007833333333333359;
1416533545033; 4606390;4.53870251570209;0.00983333333333336;
1416533546035; 4611015;4.578008832490274;0.01475000000000004;
1416533547037; 4615457;4.623788920815176;0.017333333333333423;
1416533548039; 4620192;4.854978366855935;0.014000000000000012;
1416533549041; 4624944;4.914439465411174;0.021166666666666556;
1416533550044; 4630023;3.9930028037781424;0.41141666666666676;
1416533551047; 4633900;3.9930028037781424;0.016416666666666746;
1416533552049; 4637992;3.9930028037781424;0.01416666666666666;
1416533553053; 4641873;3.9930028037781424;0.016583333333333394;
1416533554056; 4645969;4.0129678177970325;0.004750000000000032;
1416533555059; 4650053;4.041343785363509;0.0060833333333334405;
1416533556062; 4653979;4.076342849199021;0.008750000000000036;
1416533557064; 4658144;4.117106277691011;0.01591666666666658;
1416533558066; 4662156;4.163136925228552;0.017416666666666636;
1416533559069; 4666445;4.038242817471695;0.17858333333333332;
1416533560071; 4670366;4.038242817471695;0.0044999999999999485;
1416533561074; 4674487;4.038242817471695;0.016750000000000043;
1416533562076; 4678394;4.038242817471695;0.015166666666666773;
1416533563079; 4682502;4.058434031559053;0.012833333333333252;
1416533564082; 4686441;4.08713149380619;0.029416666666666647;
1416533565087; 4690621;4.271052411027468;0.01691666666666669;
1416533566089; 4694991;4.313762935137743;0.017249999999999988;
1416533567092; 4699187;3.306978729842778;0.6003333333333334;
1416533568095; 4702437;3.306978729842778;0.01333333333333342;
1416533569100; 4705837;3.306978729842778;0.011583333333333279;
1416533570103; 4709093;3.306978729842778;0.013833333333333364;
1416533571106; 4712490;3.3235136234919915;0.012250000000000094;
1416533572109; 4715719;3.3899838959618314;0.010750000000000037;
1416533573111; 4719167;3.419342017685062;0.023833333333333373;
1416533574114; 4722492;3.5903091185693152;0.014083333333333226;
1416533575118; 4726187;3.6304499948161073;0.014666666666666606;
1416533576125; 4729726;3.8119724945569127;0.014000000000000012;
1416533577137; 4733707;4.002571119284759;0.01358333333333328;
1416533578140; 4737627;4.059176022897312;0.014416666666666744;
1416533579142; 4741783;4.262134824042178;0.005416666666666625;
1416533580144; 4745918;3.4024354780592647;0.4558333333333333;
1416533581147; 4749395;3.4024354780592647;0.06374999999999997;
1416533582149; 4752858;3.4024354780592647;0.012083333333333224;
1416533583151; 4756151;3.4024354780592647;0.012499999999999956;
1416533584154; 4759617;3.4194476554495608;0.011583333333333279;
1416533585157; 4762932;3.4436268017003693;0.012499999999999956;
1416533586159; 4766471;3.5985900077768855;0.004250000000000087;
1416533587162; 4770147;3.6345759078546545;0.01200000000000001;
1416533588165; 4773665;3.6752117018513846;0.012250000000000094;
1416533589168; 4777417;3.858972286943954;0.011749999999999927;
1416533590170; 4781173;4.051920901291152;0.009416666666666629;
1416533591172; 4785305;3.930363274252417;0.10024999999999995;
1416533592175; 4789125;3.1609111850248075;0.4361666666666666;
1416533593178; 4792369;3.1609111850248075;0.6710833333333333;
1416533594180; 4795595;3.1609111850248075;0.007749999999999924;
1416533595182; 4798669;3.1609111850248075;0.010666666666666602;
1416533596184; 4801901;3.1609111850248075;0.010250000000000092;
1416533597186; 4804969;3.1767157409499314;0.009749999999999925;
1416533598188; 4808227;3.1991785133732087;0.012083333333333224;
1416533599190; 4811333;3.2268842120114343;0.013083333333333336;
1416533600192; 4814616;2.89639938465341;0.25983333333333336;
1416533601194; 4817565;2.89639938465341;0.0076666666666667105;
1416533602197; 4820367;2.89639938465341;0.011166666666666769;
1416533603199; 4823337;2.89639938465341;0.022499999999999964;
1416533604202; 4826145;2.9108813815766768;0.010000000000000009;
1416533605204; 4829143;2.9314644212181022;0.013249999999999984;
1416533606209; 4831983;3.0633803201729166;0.0033333333333334103;
1416533607212; 4835124;3.0940141233746457;0.010250000000000092;
1416533608214; 4838122;3.248714829543378;0.008916666666666684;
1416533609217; 4841441;3.411150571020547;0.00591666666666657;
1416533610219; 4844736;3.456275851498128;0.014000000000000012;
1416533611221; 4848262;3.629089644073035;0.013166666666666771;
1416533612224; 4851985;3.810544126276687;0.011833333333333362;
1416533613227; 4855682;3.8707941190947404;0.015333333333333421;
1416533614229; 4859653;4.064333825049477;0.014999999999999902;
1416533615231; 4863622;4.134730151888542;0.017166666666666774;
1416533616233; 4867837;4.341466659482969;0.012916666666666687;
1416533617235; 4872048;4.558539992457118;0.006250000000000089;
1416533618237; 4876708;4.6468157398261525;0.018333333333333313;
1416533619240; 4881211;4.7397520546226755;0.01866666666666661;
1416533620243; 4886041;4.97673965735381;0.015416666666666634;
1416533621246; 4891136;5.082312248151257;0.020583333333333398;
1416533622248; 4896062;5.193078675597309;0.021333333333333426;
1416533623251; 4901354;5.452732609377175;0.019166666666666776;
1416533624253; 4906651;5.289150631095859;0.10991666666666666;
1416533625256; 4912043;5.289150631095859;0.022333333333333316;
1416533626259; 4917447;5.289150631095859;0.022333333333333316;
1416533627261; 4922570;5.289150631095859;0.015666666666666718;
1416533628263; 4927962;5.3155963842513385;0.012750000000000039;
1416533629265; 4933156;5.353183326744887;0.014833333333333254;
1416533630267; 4938673;4.221284566781391;0.4922500000000001;
1416533631269; 4942790;4.221284566781391;0.7638333333333334;
1416533632271; 4947118;4.221284566781391;0.011166666666666769;
1416533633273; 4951257;4.221284566781391;0.016000000000000014;
1416533634275; 4955569;4.221284566781391;0.012499999999999956;
1416533635277; 4959654;4.242390989615298;0.01083333333333325;
1416533636279; 4963978;4.3272388094076035;0.008916666666666684;
1416533637281; 4968401;4.364713796779493;0.01475000000000004;
1416533638284; 4972636;4.582949486618468;0.008833333333333249;
1416533639287; 4977311;4.634188419566102;0.027833333333333377;
1416533640289; 4981817;4.865897840544407;0.016666666666666607;
1416533641291; 4986796;4.93026761850004;0.019333333333333425;
1416533642295; 4991605;4.999992131822157;0.020000000000000018;
1416533643298; 4996705;5.249991738413265;0.018000000000000016;
1416533644300; 5002060;5.33300139636553;0.02124999999999999;
1416533645302; 5007215;5.42143921955646;0.022250000000000103;
1416533646305; 5012740;5.515341301340643;0.02283333333333326;
1416533647307; 5018365;5.791108366407676;0.014999999999999902;
1416533648309; 5023976;5.899450083391565;0.0711666666666666;
1416533649312; 5030000;6.194422587561143;0.023916666666666586;
1416533650314; 5035992;4.644803260181191;0.7214166666666666;
1416533651317; 5040722;4.644803260181191;0.015666666666666718;
1416533652319; 5045447;4.644803260181191;0.017833333333333368;
1416533653321; 5050003;4.644803260181191;0.018000000000000016;
1416533654324; 5054733;4.668027276482096;0.010250000000000092;
1416533655327; 5059267;3.592776250272922;0.5825833333333332;
1416533656330; 5062822;3.592776250272922;0.014333333333333309;
1416533657333; 5066500;3.592776250272922;0.011249999999999982;
1416533658336; 5070173;3.592776250272922;0.011166666666666769;
1416533659338; 5073670;3.6107401315242864;0.01491666666666669;
1416533660340; 5077370;3.6829549341547723;0.012083333333333224;
1416533661342; 5080931;3.714850259494485;0.012833333333333252;
1416533662344; 5084734;3.9005927724692095;0.011833333333333362;
1416533663346; 5088528;3.9442027254281373;0.01649999999999996;
1416533664348; 5092552;4.1414128616995445;0.01358333333333328;
1416533665350; 5096788;4.196198604242051;0.017166666666666774;
1416533666352; 5100874;4.406008534454154;0.014499999999999957;
1416533667355; 5105392;4.472098662470966;0.018750000000000044;
1416533668357; 5109732;4.54280875094297;0.018833333333333258;
1416533669360; 5114377;4.769949188490119;0.013083333333333336;
1416533670363; 5118999;4.8525671319299875;0.01924999999999999;
1416533671366; 5123949;5.095195488526487;0.01808333333333323;
1416533672368; 5129139;5.190517867709999;0.020166666666666666;
1416533673371; 5134165;5.291031814009163;0.02141666666666664;
1416533674374; 5139557;5.555583404709621;0.020583333333333398;
1416533675377; 5144949;5.670114690657352;0.021583333333333288;
1416533676380; 5150739;4.420265040848034;0.5314166666666666;
1416533677383; 5155239;4.420265040848034;0.013916666666666577;
1416533678386; 5159535;4.420265040848034;0.017749999999999932;
1416533679388; 5164069;4.420265040848034;0.018583333333333396;
1416533680391; 5168374;4.442366366052274;0.01708333333333334;
1416533681394; 5172916;4.531213693373319;0.002666666666666595;
1416533682396; 5177330;3.6670995130733886;0.42066666666666674;
1416533683398; 5181100;3.6670995130733886;0.6901666666666666;
1416533684400; 5184666;3.6670995130733886;0.01041666666666674;
1416533685402; 5188419;3.6670995130733886;0.011749999999999927;
1416533686404; 5192190;3.6670995130733886;0.004083333333333439;
1416533687406; 5195767;3.6854350106387552;0.003249999999999975;
1416533688408; 5199542;3.7114949715152052;0.004833333333333245;
1416533689410; 5203145;3.743637460828709;0.006250000000000089;
1416533690413; 5206957;3.781073835436996;0.010499999999999954;
1416533691416; 5210625;3.8233475260569114;0.015666666666666718;
1416533692418; 5214529;4.014514902359757;0.011916666666666575;
1416533693420; 5218477;4.067621942690789;0.01849999999999996;
1416533694422; 5222629;4.271003039825329;0.014499999999999957;
1416533695424; 5226784;4.335068085422709;0.01633333333333331;
1416533696427; 5231208;4.551821489693844;0.015583333333333282;
1416533697429; 5235633;4.6273049096638;0.02533333333333343;
1416533698431; 5240338;4.85867015514699;0.017833333333333368;
1416533699434; 5245288;4.9462610770217355;0.018416666666666748;
1416533700436; 5250091;5.193574130872823;0.01708333333333334;
1416533701439; 5255383;5.2941472614536425;0.021166666666666556;
1416533702442; 5260564;5.558854624526325;0.020166666666666666;
1416533703444; 5266248;5.6734533483982;0.023249999999999993;
1416533704446; 5272040;5.793805468460137;0.023833333333333373;
1416533705449; 5277663;6.083495741883144;0.018000000000000016;
1416533706453; 5283881;6.219526842079957;0.022666666666666613;
1416533707455; 5289910;6.530503184183955;0.01866666666666661;
1416533708458; 5296576;5.065763639162535;0.5502499999999999;
1416533709460; 5301751;5.065763639162535;0.016750000000000043;
1416533710462; 5306663;5.065763639162535;1.2188333333333334;
1416533711464; 5311843;3.624085441285518;1.2309999999999999;
1416533712466; 5315347;3.624085441285518;0.01333333333333342;
1416533713468; 5319039;3.624085441285518;0.013083333333333336;
1416533714470; 5322723;3.624085441285518;0.012416666666666742;
1416533715472; 5326223;3.642205868491945;0.014333333333333309;
1416533716475; 5329927;3.6679601531728263;0.014999999999999902;
1416533717478; 5333490;3.699725619899994;0.015416666666666634;
1416533718480; 5337258;3.884711900894994;0.010250000000000092;
1416533719482; 5341222;3.9281443003120122;0.016166666666666663;
1416533720484; 5345030;4.124551515327613;0.01491666666666669;
1416533721486; 5349234;4.17911420322377;0.015666666666666718;
1416533722488; 5353498;4.238215803072821;0.016750000000000043;
1416533723491; 5357602;4.450126593226463;0.015666666666666718;
1416533724494; 5362127;4.672632922887786;0.015333333333333421;
1416533725496; 5366899;4.750119773829188;0.01908333333333334;
1416533726499; 5371526;4.8323942617322855;0.019583333333333286;
1416533727502; 5376250;4.9195114882019535;0.02008333333333323;
1416533728507; 5381359;5.0115471206977045;0.020750000000000046;
1416533729510; 5386244;5.26212447673259;0.015166666666666773;
1416533730513; 5391645;5.367366966267242;0.02183333333333337;
1416533731515; 5396878;5.206345957279225;0.14949999999999997;
1416533732517; 5402208;5.206345957279225;0.019583333333333286;
1416533733519; 5407451;5.206345957279225;0.021500000000000075;
1416533734522; 5412496;5.206345957279225;0.015333333333333421;
1416533735525; 5417821;5.23237768706562;0.019583333333333286;
1416533736527; 5422915;3.8637812904487747;0.8360000000000001;
1416533737542; 5426893;3.8637812904487747;1.0179999999999998;
1416533738544; 5430766;3.8637812904487747;1.1759166666666667;
1416533739547; 5434712;2.752349722697554;1.3135;
1416533740550; 5437381;2.752349722697554;0.007333333333333414;
1416533741553; 5440184;2.752349722697554;0.007916666666666572;
1416533742555; 5442990;2.6697792310166273;0.1645833333333333;
1416533743557; 5445585;2.6697792310166273;0.008999999999999897;
1416533744559; 5448203;2.6697792310166273;0.009916666666666574;
1416533745562; 5450931;2.6697792310166273;0.006416666666666737;
1416533746564; 5453539;2.68312812717171;0.010750000000000037;
1416533747566; 5456274;2.736790689715144;0.007249999999999979;
1416533748568; 5458963;2.8599462707523253;0.0060833333333334405;
1416533749571; 5461887;2.8885457334598486;0.011833333333333362;
1416533750574; 5464840;3.0329730201328413;0.010333333333333306;
1416533751577; 5467772;3.070119201647609;0.011916666666666575;
1416533752580; 5470901;3.2236251617299896;0.005416666666666625;
1416533753583; 5474026;3.269214105967247;0.011916666666666575;
1416533754586; 5477359;3.4326748112656094;0.008583333333333387;
1416533755589; 5480696;3.486950165617049;0.01200000000000001;
1416533756595; 5484293;3.544774692427146;0.016999999999999904;
1416533757597; 5487764;3.7220134270485037;0.010166666666666657;
1416533758599; 5491563;3.7891129783444475;0.014583333333333393;
1416533759601; 5495230;3.97856862726167;0.006750000000000034;
1416533760603; 5499278;4.055613277437308;0.009500000000000064;
1416533761606; 5503414;3.9339448791141884;0.14225;
1416533762608; 5507238;3.9339448791141884;0.00983333333333336;
1416533763611; 5511278;3.396520715300775;0.30499999999999994;
1416533764614; 5514577;3.396520715300775;0.010666666666666602;
1416533765616; 5518069;3.396520715300775;0.011749999999999927;
1416533766618; 5521362;3.396520715300775;0.01333333333333342;
1416533767622; 5524825;3.4135033188772783;0.01333333333333342;
1416533768626; 5528335;3.4376404323210874;0.014499999999999957;
1416533769629; 5531666;3.592334251775536;0.002583333333333382;
1416533770631; 5535341;3.6282575942932915;0.0601666666666667;
1416533771634; 5538878;3.052748968360335;0.3434166666666667;
1416533772637; 5541996;3.052748968360335;0.010000000000000009;
1416533773639; 5544956;3.052748968360335;0.00983333333333336;
1416533774642; 5548068;3.052748968360335;0.005833333333333357;
1416533775645; 5551171;3.068012713202136;0.011500000000000066;
1416533776648; 5554144;3.0897068391448537;0.012416666666666742;
1416533777652; 5557287;3.1164644852743133;0.012916666666666687;
1416533778654; 5560297;3.272287709538029;0.005666666666666709;
1416533779657; 5563621;3.30887299834035;0.01258333333333339;
1416533780659; 5566993;3.3493982506883846;0.01358333333333328;
1416533781661; 5570265;3.516868163222804;0.012166666666666659;
1416533782663; 5573851;3.5666041897578826;0.013166666666666771;
1416533783665; 5577298;3.744934399245777;0.012499999999999956;
1416533784668; 5581106;3.8041470111934323;0.01491666666666669;
1416533785670; 5584986;3.9943543617531043;0.012666666666666604;
1416533786672; 5588847;4.063538608733012;0.01358333333333328;
1416533787674; 5592991;4.266715539169662;0.01358333333333328;
1416533788677; 5597331;4.4800513161281454;0.010666666666666602;
1416533789680; 5601663;4.56680713681574;0.01750000000000007;
1416533790682; 5606313;4.795147493656527;0.008833333333333249;
1416533791685; 5610949;4.8940019916903355;0.019500000000000073;
1416533792687; 5615929;5.138702091274852;0.010583333333333389;
1416533793690; 5621184;5.250697506858993;0.01983333333333337;
1416533794692; 5626286;5.368106672405247;0.02183333333333337;
1416533795698; 5631785;4.274388754269404;0.4630000000000001;
1416533796700; 5635926;4.274388754269404;0.01550000000000007;
1416533797702; 5640271;4.274388754269404;0.014250000000000096;
1416533798705; 5644630;4.274388754269404;0.016166666666666663;
1416533799708; 5648791;4.295760698040751;0.017833333333333368;
1416533800711; 5653195;4.381675912001566;0.003666666666666707;
1416533801713; 5657462;4.176511885348622;0.20941666666666658;
1416533802715; 5661734;4.176511885348622;0.0671666666666666;
1416533803717; 5665789;4.176511885348622;0.016833333333333256;
1416533804719; 5670073;4.176511885348622;0.017583333333333284;
1416533805721; 5674341;4.197394444775364;0.015083333333333337;
1416533806723; 5678419;4.2270745055275185;0.016583333333333394;
1416533807726; 5682731;4.263682044582282;0.017333333333333423;
1416533808729; 5686862;4.476866146811396;0.007500000000000062;
1416533809732; 5691434;4.526919031963586;0.01791666666666658;
1416533810735; 5696044;4.753264983561765;0.016833333333333256;
1416533811738; 5700657;4.990928232739853;0.011083333333333334;
1416533812741; 5705747;5.061510616695569;0.020583333333333398;
1416533813744; 5710659;5.314586147530347;0.019333333333333425;
1416533814747; 5716084;5.580315454906865;0.018416666666666748;
1416533815750; 5721793;5.672854517785603;0.022083333333333233;
1416533816753; 5727385;5.771111240273116;0.02416666666666667;
1416533817755; 5733271;5.875151427739173;0.024416666666666753;
1416533818758; 5738958;6.168908999126131;0.016750000000000043;
1416533819762; 5745330;6.288369408215553;0.020333333333333314;
1416533820765; 5751485;5.031783815981121;0.4494166666666666;
1416533821768; 5756640;5.031783815981121;0.01766666666666672;
1416533822771; 5761509;5.031783815981121;0.018750000000000044;
1416533823774; 5766629;5.031783815981121;0.018750000000000044;
1416533824777; 5771518;5.056942735061026;0.0043333333333333;
1416533825780; 5776709;5.092700720061363;0.010000000000000009;
1416533826784; 5781924;3.8957132698171337;0.6104166666666666;
1416533827787; 5785694;3.8957132698171337;0.017749999999999932;
1416533828789; 5789662;3.8957132698171337;0.011749999999999927;
1416533829791; 5793424;3.8957132698171337;0.01550000000000007;
1416533830793; 5797388;3.915191836166219;0.013749999999999929;
1416533831795; 5801368;3.9934956728895434;0.008333333333333304;
1416533832797; 5805233;4.0280803599157995;0.016250000000000098;
1416533833799; 5809333;4.229484377911589;0.010750000000000037;
1416533834801; 5813637;4.276771450805509;0.017333333333333423;
1416533835803; 5817783;4.490610023345784;0.013916666666666577;
1416533836805; 5822367;4.550015210129518;0.015666666666666718;
1416533837808; 5826783;4.614362142321209;0.017333333333333423;
1416533838811; 5831487;4.683577574456026;0.018833333333333258;
1416533839814; 5836281;4.757631438122866;0.01966666666666672;
1416533840817; 5840889;4.9955130100290095;0.01849999999999996;
1416533841819; 5845984;5.24528866053046;0.008833333333333249;
1416533842821; 5851072;5.339849446631222;0.02141666666666664;
1416533843823; 5856543;5.606841918962783;0.016666666666666607;
1416533844825; 5862261;5.715417945847586;0.020333333333333314;
1416533845831; 5867848;5.829726304764537;0.021166666666666556;
1416533846833; 5873583;4.532636133507403;0.5413333333333334;
1416533847836; 5878211;4.532636133507403;0.015833333333333366;
1416533848839; 5882843;4.532636133507403;0.012916666666666687;
1416533849842; 5887244;4.532636133507403;0.018333333333333313;
1416533850845; 5891889;4.555299314174939;0.0040000000000000036;
1416533851848; 5896314;4.587510144528815;0.006916666666666682;
1416533852853; 5900940;3.6206498178473927;0.48950000000000005;
1416533853856; 5904635;3.6206498178473927;0.014000000000000012;
1416533854861; 5908179;3.6206498178473927;0.030166666666666675;
1416533855863; 5911904;3.6206498178473927;0.015166666666666773;
1416533856866; 5915422;3.6387530669366295;0.011833333333333362;
1416533857869; 5919155;3.7115281282753623;0.008999999999999897;
1416533858871; 5922758;3.743670904734832;0.012666666666666604;
1416533859874; 5926589;3.7811076137821806;0.014416666666666744;
1416533860876; 5930277;3.97016299447129;0.008916666666666684;
1416533861878; 5934353;4.018787362131964;0.01491666666666669;
1416533862880; 5938237;4.071950921793216;0.01708333333333334;
1416533863883; 5942393;4.275548467882877;0.0076666666666667105;
1416533864886; 5946572;4.339681694901119;0.01633333333333331;
1416533865889; 5951031;4.556665779646176;0.015083333333333337;
1416533866892; 5955467;4.6322295330768695;0.01649999999999996;
1416533867895; 5960212;4.712462102112972;0.018000000000000016;
1416533868897; 5965022;4.797417220827217;0.018333333333333313;
1416533869899; 5969663;4.88716867873594;0.020333333333333314;
1416533870902; 5974658;5.131527112672737;0.017749999999999932;
1416533871905; 5979637;5.388103468306374;0.010333333333333306;
1416533872907; 5985123;5.499182066914294;0.021666666666666723;
1416533873909; 5990513;4.2830442648512905;0.5348333333333333;
1416533874911; 5994885;4.2830442648512905;0.010666666666666602;
1416533875913; 5999253;4.2830442648512905;0.014333333333333309;
1416533876916; 6003407;4.2830442648512905;0.016583333333333394;
1416533877919; 6007771;4.3044594861755465;0.0018333333333333535;
1416533878921; 6011957;4.334896611095721;0.004166666666666652;
1416533879923; 6016389;4.372437916975601;0.008916666666666684;
1416533880925; 6020843;4.416162296145357;0.01574999999999993;
1416533881927; 6025130;4.46553649161462;0.01750000000000007;
1416533882929; 6029694;4.688813316195351;0.015833333333333366;
1416533883931; 6034260;4.750840486088656;0.016000000000000014;
1416533884933; 6039124;4.818027516569634;0.017833333333333368;
1416533885935; 6043814;5.058928892398116;0.01649999999999996;
1416533886937; 6048979;5.138917581502171;0.02066666666666661;
1416533887940; 6054234;5.39586346057728;0.020000000000000018;
1416533888944; 6059459;5.489322557221523;0.020999999999999908;
1416533889947; 6065051;5.7637886850825995;0.01475000000000004;
1416533890950; 6070624;5.871619297629317;0.01908333333333334;
1416533891953; 6076616;6.1652002625107825;0.017333333333333423;
1416533892956; 6082914;6.288504267760998;0.021333333333333426;
1416533893961; 6089061;6.418145104376627;0.025416666666666643;
1416533894964; 6095638;6.5542945221549465;0.026583333333333403;
1416533895967; 6101990;6.882009248262694;0.011083333333333334;
1416533896970; 6109018;7.0358956532716705;0.028833333333333266;
1416533897972; 6116199;7.387690435935254;0.008499999999999952;
1416533898975; 6123351;7.5609471341822925;0.02966666666666673;
1416533899978; 6131059;7.938994490891408;0.016833333333333256;
1416533900986; 6139211;8.335944215435978;0.0;
1416533901989; 6147376;5.946800967760134;1.2840833333333332;
1416533902992; 6153198;5.946800967760134;1.3834166666666667;
1416533903995; 6159300;5.946800967760134;0.016416666666666746;
1416533904998; 6165134;5.946800967760134;0.02041666666666675;
1416533906002; 6171224;5.946800967760134;0.02041666666666675;
1416533907004; 6177064;5.976534972598934;0.019416666666666638;
1416533908006; 6183150;6.0187954566701665;0.020583333333333398;
1416533909008; 6189270;6.289641252220323;0.02008333333333323;
1416533910011; 6195371;6.352537664742527;0.022333333333333316;
1416533911013; 6201852;6.423561194982487;0.024666666666666615;
1416533912015; 6208079;6.502233431278736;0.025916666666666588;
1416533913017; 6214720;6.827345102842673;0.017833333333333368;
1416533914019; 6221380;6.92389834323709;0.02833333333333332;
1416533915021; 6228475;7.027756818385646;0.029333333333333433;
1416533916023; 6235698;7.379144659304928;0.014416666666666744;
1416533917025; 6242863;7.501513929848276;0.0289166666666667;
1416533918027; 6250557;7.631443962450105;0.03141666666666665;
1416533919030; 6257976;8.013016160572612;0.0;
1416533920034; 6266176;5.746481583839323;1.1886666666666668;
1416533921036; 6271748;5.746481583839323;1.0680833333333335;
1416533922038; 6277618;5.746481583839323;0.021500000000000075;
1416533923040; 6283234;5.746481583839323;0.006000000000000005;
1416533924043; 6289144;5.746481583839323;0.009749999999999925;
1416533925046; 6295030;5.775213991758519;0.010666666666666602;
1416533926048; 6300664;5.890718271593689;0.008333333333333304;
1416533927051; 6306676;5.941733388291063;0.016666666666666607;
1416533928053; 6312490;6.001150722173973;0.021583333333333288;
1416533929055; 6318628;6.301208258282672;0.01849999999999996;
1416533930057; 6324758;6.378381983261692;0.024416666666666753;
1416533931060; 6331264;6.462760045735118;0.025500000000000078;
1416533932063; 6337542;6.785898048021874;0.02533333333333343;
1416533933066; 6344486;6.887686518742202;0.025666666666666726;
1416533934069; 6351568;6.996590404784508;0.028166666666666673;
1416533935072; 6358346;7.346419925023734;0.028166666666666673;
1416533936076; 6365834;7.473663650662509;0.03108333333333335;
1416533937078; 6373087;7.847346833195635;0.023333333333333428;
1416533938081; 6381110;6.785067365444745;0.30308333333333337;
1416533939083; 6388081;6.785067365444745;0.9185833333333333;
1416533940086; 6394661;6.785067365444745;0.013416666666666632;
1416533941089; 6401593;6.785067365444745;0.013416666666666632;
1416533942091; 6408185;6.785067365444745;0.011666666666666714;
1416533943093; 6415123;6.818992702271968;0.012166666666666659;
1416533944096; 6422112;6.867210262078349;0.016250000000000098;
1416533945099; 6428877;6.92668204747924;0.023833333333333373;
1416533946102; 6435598;7.273016149853202;0.006166666666666654;
1416533947104; 6443080;7.35433094241583;0.00649999999999995;
1416533948106; 6450306;7.444402733458233;0.03025000000000011;
1416533949108; 6457910;7.816622870131145;0.01574999999999993;
1416533950110; 6465894;7.927166610880096;0.022083333333333233;
1416533951113; 6473688;8.046074110043298;0.03125;
1416533952115; 6481614;8.173293712094544;0.03750000000000009;
1416533953117; 6490034;8.581958397699273;0.005166666666666764;
1416533954119; 6498355;9.011056317584236;0.0;
1416533955126; 6507607;6.4115799961180215;1.3375833333333333;
1416533956128; 6513917;6.4115799961180215;1.3723333333333332;
1416533957130; 6520490;6.4115799961180215;0.019749999999999934;
1416533958132; 6526730;6.4115799961180215;0.014000000000000012;
1416533959135; 6533257;6.4115799961180215;0.010166666666666657;
1416533960138; 6539472;6.443637896098611;0.009083333333333332;
1416533961140; 6546060;6.489201296617031;0.01200000000000001;
1416533962142; 6552674;6.545399428348444;0.016666666666666607;
1416533963146; 6559008;6.610853422631928;0.02400000000000002;
1416533964153; 6565772;6.684765010843389;0.02733333333333343;
1416533965156; 6572286;7.019003261385559;0.021500000000000075;
1416533966159; 6579440;7.1118559467914455;0.02908333333333335;
1416533967161; 6586694;7.2124327781274085;0.02966666666666673;
1416533968164; 6593683;7.320619269799319;0.030166666666666675;
1416533969167; 6601150;7.686650233289285;0.01866666666666661;
1416533970170; 6608666;7.814118906881878;0.030999999999999917;
1416533971173; 6616666;7.949463416512918;0.03308333333333335;
1416533972175; 6624790;6.088779691144092;0.6044166666666666;
1416533973178; 6630759;6.088779691144092;0.6465833333333333;
1416533974180; 6636831;6.088779691144092;0.02341666666666664;
1416533975182; 6643043;6.088779691144092;0.02516666666666656;
1416533976184; 6648933;6.088779691144092;0.023166666666666558;
1416533977186; 6655151;6.1192235895998115;0.008999999999999897;
1416533978188; 6661103;6.162493034557839;0.01416666666666666;
1416533979191; 6667432;6.215861789743556;0.021916666666666584;
1416533980193; 6673473;6.278020407640992;0.0245833333333334;
1416533981195; 6679897;6.591921428023042;0.010166666666666657;
1416533982198; 6686642;6.672655647638917;0.016583333333333394;
1416533983201; 6693126;6.760926584779033;0.026416666666666755;
1416533984203; 6700048;6.856540525483067;0.02849999999999997;
1416533985205; 6706679;7.19936755175722;0.013083333333333336;
1416533986208; 6714033;7.313199547638535;0.02908333333333335;
1416533987211; 6721513;7.678859525020463;0.02083333333333326;
1416533988214; 6728966;7.81186127343566;0.031500000000000083;
1416533989217; 6736934;8.202454337107444;0.03041666666666676;
1416533990220; 6744990;6.031024865937344;0.8745833333333333;
1416533991224; 6751142;6.031024865937344;1.1316666666666668;
1416533992227; 6757017;6.031024865937344;0.023083333333333345;
1416533993230; 6763169;6.031024865937344;0.0022500000000000853;
1416533994232; 6769086;6.031024865937344;0.006250000000000089;
1416533995235; 6775238;6.06117999026703;0.006250000000000089;
1416533996237; 6781466;6.182403590072371;0.004416666666666735;
1416533997239; 6787463;6.235944775726879;0.016750000000000043;
1416533998241; 6793847;6.2983042234841475;0.026000000000000023;
1416533999244; 6799989;6.6132194346583555;0.015083333333333337;
1416534000247; 6806760;6.694214500518206;0.027833333333333377;
1416534001249; 6813286;7.028925225544117;0.027083333333333348;
1416534002252; 6820509;7.1283292393728255;0.028750000000000053;
1416534003254; 6827505;7.484745701341467;0.020750000000000046;
1416534004256; 6835172;7.603089921958435;0.03166666666666673;
1416534005258; 6842556;7.983244418056357;0.02833333333333332;
1416534006260; 6850752;8.121518267469499;0.03308333333333335;
1416534007263; 6858658;7.8778727194454135;0.17033333333333323;
1416534008265; 6866734;5.666479417456181;1.1401666666666666;
1416534009268; 6872230;5.666479417456181;0.9356666666666666;
1416534010271; 6878008;5.666479417456181;0.022083333333333233;
1416534011274; 6883798;5.666479417456181;0.012499999999999956;
1416534012277; 6889299;5.666479417456181;0.013416666666666632;
1416534013280; 6895065;5.694811814543461;0.012916666666666687;
1416534014283; 6900587;5.73508021505991;0.013083333333333336;
1416534015286; 6906468;5.784747466649745;0.02141666666666664;
1416534016289; 6912412;5.842594941316243;0.02341666666666664;
1416534017291; 6918091;6.134724688382055;0.017333333333333423;
1416534018293; 6924352;6.209859414377008;0.02400000000000002;
1416534019296; 6930393;6.292008132812581;0.024499999999999966;
1416534020298; 6936819;6.380990565172436;0.025833333333333375;
1416534021300; 6943088;6.700040093431058;0.025666666666666726;
1416534022302; 6949929;6.805977028979505;0.02791666666666659;
1416534023304; 6956528;6.91884138966402;0.02825000000000011;
1416534024306; 6963596;7.264783459147221;0.022250000000000103;
1416534025309; 6970669;7.395751205482711;0.02849999999999997;
1416534026311; 6978216;7.3237326544180865;0.18541666666666656;
1416534027313; 6985733;7.3237326544180865;0.9292499999999999;
1416534028316; 6992878;7.3237326544180865;0.9437500000000001;
1416534029319; 7000096;7.3237326544180865;0.0024999999999999467;
1416534030321; 7007417;7.3237326544180865;0.01041666666666674;
1416534031324; 7014892;7.3237326544180865;0.023916666666666586;
1416534032327; 7022388;7.360351317690176;0.030000000000000027;
1416534033330; 7029535;7.412396860976717;0.030999999999999917;
1416534034332; 7037123;7.745954719720668;0.009166666666666767;
1416534035334; 7044657;7.823414266917875;0.026833333333333265;
1416534036336; 7052689;7.910882697502726;0.03166666666666673;
1416534037338; 7060394;8.007770827622195;0.03333333333333344;
1416534038341; 7068602;8.408159369003306;0.021166666666666556;
1416534039344; 7077204;8.527068699145694;0.03374999999999995;
1416534040347; 7085545;8.95342213410298;0.031166666666666565;
1416534041350; 7094692;9.401093240808128;0.0289166666666667;
1416534042353; 7103820;7.162264231759692;0.6303333333333334;
1416534043356; 7111177;7.162264231759692;1.4497499999999999;
1416534044358; 7118126;7.162264231759692;1.2509166666666665;
1416534045360; 7125489;7.162264231759692;0.009583333333333277;
1416534046362; 7132438;7.162264231759692;0.009583333333333277;
1416534047365; 7139766;7.162264231759692;0.010166666666666657;
1416534048367; 7147080;7.19807555291849;0.007249999999999979;
1416534049371; 7154060;7.248973633268108;0.008000000000000007;
1416534050374; 7161454;7.311751586445846;0.013833333333333364;
1416534051379; 7168560;7.384869102310304;0.023249999999999993;
1416534052383; 7176096;7.467434448898823;0.0315833333333333;
1416534053385; 7183452;7.840806171343765;0.020999999999999908;
1416534054388; 7191440;7.944530287381944;0.03183333333333338;
1416534055391; 7199230;8.341756801751043;0.031749999999999945;
1416534056394; 7207746;8.758844641838595;0.02574999999999994;
1416534057396; 7216728;8.897334135537454;0.03049999999999997;
1416534058399; 7225380;8.63041411147133;0.1685000000000001;
1416534059402; 7234265;6.153139926535186;1.2960833333333333;
1416534060404; 7240255;6.153139926535186;0.018916666666666693;
1416534061406; 7246552;6.153139926535186;0.025916666666666588;
1416534062408; 7252531;6.153139926535186;0.023916666666666586;
1416534063411; 7258797;6.183905626167861;0.020916666666666694;
1416534064413; 7264800;6.227632442192671;0.022499999999999964;
1416534065415; 7271209;6.507875902091341;0.005416666666666625;
1416534066417; 7277533;6.572954661112254;0.024833333333333263;
1416534067419; 7284304;6.901602394167867;0.023833333333333373;
1416534068421; 7290994;6.986129415534277;0.025666666666666726;
1416534069426; 7298156;7.335435886310991;0.018000000000000016;
1416534070429; 7305385;7.439174615474385;0.02908333333333335;
1416534071431; 7312979;7.811133346248105;0.023749999999999938;
1416534072433; 7320947;7.934638208655288;0.03249999999999997;
1416534073436; 7328655;8.331370119088053;0.030750000000000055;
1416534074439; 7337205;8.747938625042456;0.028166666666666673;
1416534075442; 7345713;6.816717652784804;0.5329999999999999;
1416534076445; 7352729;6.816717652784804;1.0532499999999998;
1416534077447; 7359343;6.816717652784804;0.028750000000000053;
1416534078449; 7366331;6.816717652784804;0.020166666666666666;
1416534079451; 7372938;6.816717652784804;0.018999999999999906;
1416534080454; 7379885;6.850801241048727;0.017249999999999988;
1416534081457; 7386892;6.899243721189795;0.01791666666666658;
1416534082460; 7393672;6.958992924484302;0.025833333333333375;
1416534083462; 7400773;7.306942570708517;0.010499999999999954;
1416534084469; 7407950;7.388636672187474;0.025249999999999995;
1416534085472; 7415522;7.479128620895848;0.03125;
1416534086475; 7422775;7.85308505194064;0.016083333333333227;
1416534087478; 7430783;7.96414444580988;0.028750000000000053;
1416534088480; 7438529;8.083606612497027;0.03183333333333338;
1416534089482; 7446825;8.487786943121879;0.031166666666666565;
1416534090484; 7455094;8.628540966075944;0.03316666666666657;
1416534091486; 7463910;7.017903421719132;0.40908333333333324;
1416534092490; 7471135;7.017903421719132;1.0435833333333333;
1416534093496; 7477939;7.017903421719132;0.9286666666666668;
1416534094498; 7485164;7.017903421719132;0.019749999999999934;
1416534095500; 7492003;7.017903421719132;0.022083333333333233;
1416534096502; 7499019;7.017903421719132;0.02849999999999997;
1416534097504; 7506208;7.052992938827727;0.02733333333333343;
1416534098506; 7513198;7.102865130174787;0.030000000000000027;
1416534099509; 7520118;7.422494061032652;0.0071666666666667656;
1416534100511; 7527699;7.496719001642979;0.019416666666666638;
1416534101514; 7535361;7.580534868122419;0.03249999999999997;
1416534102517; 7542749;7.959561611528541;0.03008333333333324;
1416534103519; 7550873;8.064856714374544;0.031500000000000083;
1416534104522; 7558690;8.468099550093271;0.023333333333333428;
1416534105527; 7567353;8.595121043344669;0.030166666666666675;
1416534106529; 7576137;8.73102183965373;0.03533333333333344;
1416534107531; 7584610;7.891279291175835;0.2529999999999999;
1416534108534; 7592674;7.891279291175835;1.0849166666666665;
1416534109537; 7600320;7.891279291175835;1.5745833333333334;
1416534110540; 7608392;7.891279291175835;0.008333333333333304;
1416534111542; 7616078;7.891279291175835;0.010333333333333306;
1416534112544; 7624158;7.891279291175835;0.011666666666666714;
1416534113546; 7632206;7.930735687631714;0.009666666666666712;
1416534114549; 7639898;7.98681445747694;0.010166666666666657;
1416534115552; 7648118;8.055982299631818;0.022499999999999964;
1416534116555; 7655940;8.136542122628137;0.031333333333333435;
1416534117557; 7664312;8.227511429068073;0.03383333333333338;
1416534118559; 7672364;8.638887000521477;0.02183333333333337;
1416534119561; 7681207;8.753168733560319;0.03475000000000006;
1416534120564; 7689716;9.190827170238336;0.03416666666666668;
1416534121566; 7699122;9.650368528750253;0.021083333333333343;
1416534122568; 7708971;7.295219066376679;0.6719999999999999;
1416534123574; 7716060;7.295219066376679;1.4485833333333331;
1416534124577; 7723556;7.295219066376679;0.029416666666666647;
1416534125579; 7730631;7.295219066376679;0.028833333333333266;
1416534126581; 7738085;7.295219066376679;0.026499999999999968;
1416534127588; 7745588;7.331695161708561;0.02825000000000011;
1416534128591; 7752787;7.383538075372929;0.03833333333333333;
1416534129595; 7760328;7.71579728876471;0.00983333333333336;
1416534130597; 7767866;7.792955261652358;0.020750000000000046;
1416534131599; 7775806;7.880083150205705;0.025500000000000078;
1416534132601; 7783465;7.976594064449242;0.032916666666666705;
1416534133603; 7791633;8.375423767671704;0.01750000000000007;
1416534134606; 7799845;8.493870146500337;0.03283333333333327;
1416534135611; 7808545;8.918563653825354;0.030750000000000055;
1416534136614; 7817180;9.059578526841761;0.032333333333333325;
1416534137616; 7826438;7.864815979093743;0.2978333333333334;
1416534138619; 7834465;7.864815979093743;1.2374999999999998;
1416534139623; 7842136;7.864815979093743;1.48475;
1416534140626; 7850286;7.864815979093743;0.01708333333333334;
1416534141628; 7857927;7.864815979093743;0.015833333333333366;
1416534142630; 7865961;7.864815979093743;0.014000000000000012;
1416534143634; 7873664;7.904140058989211;0.006750000000000034;
1416534144636; 7881740;7.960030769340806;0.011666666666666714;
1416534145639; 7889451;8.028966657952356;0.014083333333333226;
1416534146641; 7897679;8.10925632453188;0.024499999999999966;
1416534147643; 7905963;8.199920566474997;0.03283333333333327;
1416534148645; 7913921;8.300348673071085;0.03466666666666662;
1416534149648; 7922413;8.71536610672464;0.020750000000000046;
1416534150651; 7931024;8.838619996216408;0.03200000000000003;
1416534151654; 7940051;9.280550996027229;0.016833333333333256;
1416534152657; 7949130;6.813569085690876;0.8887499999999999;
1416534153660; 7956151;6.813569085690876;1.2125;
1416534154662; 7962751;6.813569085690876;0.022916666666666696;
1416534155664; 7969733;6.813569085690876;0.01550000000000007;
1416534156666; 7976360;6.813569085690876;0.018416666666666748;
1416534157669; 7983307;6.84763693111933;0.017833333333333368;
1416534158671; 7989998;6.896057036210309;0.01866666666666661;
1416534159673; 7997046;6.955778642003355;0.028083333333333238;
1416534160675; 8004147;7.025336428423389;0.029333333333333433;
1416534161677; 8011005;7.376603249844559;0.014250000000000096;
1416534162679; 8018560;7.466947819829936;0.02616666666666667;
1416534163681; 8025788;7.565726254749765;0.0289166666666667;
1416534164683; 8033504;7.9440125674872535;0.023249999999999993;
1416534165689; 8041612;8.063172755999561;0.03200000000000003;
1416534166691; 8049477;8.466331393799539;0.02616666666666667;
1416534167693; 8058115;8.606729616719738;0.028833333333333266;
1416534168695; 8066446;6.989707688729968;0.4125000000000001;
1416534169698; 8073622;6.989707688729968;1.19725;
1416534170700; 8080400;6.989707688729968;0.021333333333333426;
1416534171702; 8087548;6.989707688729968;0.014499999999999957;
1416534172705; 8094689;6.989707688729968;0.012750000000000039;
1416534173708; 8101467;7.024656227173617;0.012750000000000039;
1416534174711; 8108655;7.074328047711005;0.01491666666666669;
1416534175713; 8115523;7.135593525751231;0.02066666666666661;
1416534176715; 8122858;7.206949461008743;0.028666666666666618;
1416534177717; 8129860;7.567296934059181;0.01258333333333339;
1416534178719; 8137560;7.659977015162044;0.02716666666666656;
1416534179721; 8145376;7.761308986314991;0.032333333333333325;
1416534180723; 8152921;8.14937443563074;0.02008333333333323;
1416534181725; 8161318;8.2716150521652;0.03400000000000003;
1416534182727; 8169352;8.68519580477346;0.022750000000000048;
1416534183729; 8178210;9.119455595012134;0.02183333333333337;
1416534184732; 8187054;7.089792144635075;0.5416666666666667;
1416534185734; 8194288;7.089792144635075;1.0636666666666668;
1416534186736; 8201536;7.089792144635075;0.028583333333333405;
1416534187738; 8208402;7.089792144635075;0.02633333333333332;
1416534188741; 8215643;7.089792144635075;0.02574999999999994;
1416534189743; 8222544;7.125241105358249;0.028083333333333238;
1416534190745; 8229825;7.1756241683901285;0.02983333333333338;
1416534191747; 8236797;7.237766896568483;0.030166666666666675;
1416534192749; 8244191;7.599655241396908;0.014333333333333309;
1416534193751; 8251977;7.684621970023539;0.03433333333333333;
1416534194753; 8259422;8.068853068524716;0.029416666666666647;
1416534195756; 8267666;8.175593961448898;0.03341666666666665;
1416534196758; 8275620;8.584373659521344;0.03025000000000011;
1416534197760; 8284378;8.970670474199803;0.03025000000000011;
1416534198762; 8293115;9.112509228386275;0.03691666666666671;
1416534199764; 8302431;8.074703392256943;0.27341666666666664;
1416534200766; 8310659;8.074703392256943;1.1237499999999998;
1416534201768; 8318476;8.074703392256943;0.8685833333333333;
1416534202771; 8326753;8.074703392256943;0.03224999999999989;
1416534203774; 8334586;8.074703392256943;0.032916666666666705;
1416534204776; 8342830;8.074703392256943;0.03216666666666668;
1416534205778; 8351083;8.115076909218226;0.030916666666666703;
1416534206780; 8358938;8.172459168341812;0.03408333333333324;
1416534207783; 8367258;8.540219830917193;0.0035000000000000586;
1416534208785; 8375541;8.625622029226365;0.03374999999999995;
1416534209788; 8384348;9.056903130687683;0.025083333333333346;
1416534210791; 8393586;9.167827087287685;0.03766666666666674;
1416534211794; 8402477;9.62621844165207;0.0375833333333333;
1416534212797; 8412346;9.762353728397574;0.038000000000000034;
1416534213800; 8421819;10.250471414817454;0.030333333333333323;
1416534214802; 8432280;7.2864013930001095;1.3584166666666668;
1416534215804; 8439764;7.2864013930001095;1.0328333333333335;
1416534216807; 8446863;7.2864013930001095;0.02966666666666673;
1416534217809; 8454304;7.2864013930001095;0.02616666666666667;
1416534218811; 8461441;7.2864013930001095;0.028083333333333238;
1416534219814; 8468868;7.322833399965109;0.028750000000000053;
1416534220820; 8475969;7.469290067964412;0.02499999999999991;
1416534221822; 8483585;7.533976017435332;0.03125;
1416534222825; 8491279;7.9106748183071;0.02183333333333337;
1416534223828; 8498944;7.999118851515252;0.02950000000000008;
1416534224830; 8507084;8.097087649405703;0.032916666666666705;
1416534225832; 8515359;8.501942031875988;0.02716666666666656;
1416534226834; 8523595;8.622177649155876;0.03308333333333335;
1416534227836; 8532384;9.05328653161367;0.021083333333333343;
1416534228839; 8541152;9.505950858194355;0.003166666666666762;
1416534229844; 8550872;6.8829662516241035;1.0452499999999998;
1416534230847; 8557953;6.8829662516241035;1.12675;
1416534231850; 8564634;6.8829662516241035;0.026583333333333403;
1416534232853; 8571666;6.8829662516241035;0.025249999999999995;
1416534233855; 8578372;6.8829662516241035;0.027833333333333377;
1416534234857; 8585459;6.9173810828822235;0.030166666666666675;
1416534235861; 8592154;7.0557287045398684;0.028583333333333405;
1416534236864; 8599362;7.373236496244162;0.011916666666666575;
1416534237867; 8606896;7.446968861206603;0.02791666666666659;
1416534238870; 8614136;7.530228504206514;0.030333333333333323;
1416534239874; 8621897;7.90673992941684;0.027666666666666728;
1416534240877; 8629562;8.302076925887683;0.022333333333333316;
1416534241879; 8638038;8.419486023732233;0.03316666666666657;
1416534242882; 8646642;8.545778314088215;0.03491666666666671;
1416534243885; 8654942;8.973067229792626;0.01358333333333328;
1416534244888; 8664100;8.703875212898847;0.16041666666666665;
1416534245890; 8672553;6.359978312345607;0.9369166666666666;
1416534246892; 8679089;6.359978312345607;1.1862499999999998;
1416534247894; 8685245;6.359978312345607;0.024250000000000105;
1416534248896; 8691743;6.359978312345607;0.003166666666666762;
1416534249899; 8698229;6.359978312345607;9.999999999998899E-4;
1416534250902; 8704403;6.391778203907334;9.999999999998899E-4;
1416534251904; 8710930;6.436974901025566;0.0029166666666666785;
1416534252906; 8717192;6.492720738903676;0.010999999999999899;
1416534253908; 8723849;6.557647946292713;0.021916666666666584;
1416534254910; 8730553;6.630964679194825;0.02791666666666659;
1416534255912; 8736987;6.962512913154567;0.010333333333333306;
